api_blended,real,model
37059261360100,2114.7738633999998,2858.629638671875
37081205830000,2928.0374100000004,2513.086669921875
37081210440000,1305.47872982,1675.9713134765625
37115214580000,8146.1564695,6964.74755859375
47033057010000,2991.33750164,3621.534912109375
37015210290000,3477.9375,3062.498046875
37015217270000,3432.0784164,2722.745361328125
37015217240000,2539.2070472699984,2915.8095703125
37131203580000,7656.1188490999975,6891.896484375
47017064950000,4471.7070747,4791.16552734375
37125275080000,3690.48461221,3531.533935546875
37015208360000,1228.0936683799996,1307.7308349609375
37081206510000,2092.30661422,1974.2493896484375
37051244760000,1460.14646058,1398.558349609375
37059259090000,3824.6708762307676,3371.649169921875
37081205620000,1485.1730257499999,1452.9974365234375
37115204520000,1882.3690266699998,2335.13818359375
37081211610000,2543.5228104000003,2507.353271484375
37015220910000,2719.1320386999987,4205.85986328125
37019219720000,1495.5174036100002,1472.554443359375
37115210240000,3012.5397519,4502.7578125
37059259890000,4925.3907358,4293.419921875
47001033120000,3213.7183401000007,3959.24560546875
37003220920000,1793.0557922099997,1823.35205078125
37047244450000,1174.5536871300003,903.8178100585938
37125242000000,1856.411004692,3181.584228515625
47033056860000,3657.7982964099992,3539.82421875
37129286210000,2487.4060558,2393.99951171875
47085101050000,4180.6250034,4200.33740234375
37015217500000,6079.408967699998,4590.98681640625
37015215330000,2202.16520016,2580.100830078125
37115205640000,5011.5354762,5627.40673828125
37115207950000,2747.844243000001,2173.3427734375
47017062610000,3263.2348361499994,3414.781982421875
37059263650000,3042.25000406969,3607.47509765625
37059265370000,5808.956030400001,5402.7626953125
37115208160000,4806.31125599,3636.230224609375
37115211970000,3936.357503269999,3482.480712890625
37117216370000,1479.30096381,2028.236328125
37115200450000,3243.151699,3327.920166015625
37113200100100,1244.9351740999996,2763.61279296875
37015220570000,2513.2356466800006,3638.152099609375
37059263910000,2311.4347783099997,2435.426025390625
37117203900000,869.6376723599999,1334.7105712890625
37115201470000,1931.20950996,2099.345947265625
37115208070000,2457.9632042999997,3106.88134765625
47095021900000,4211.68792306,3825.238037109375
37059262550000,6097.329817499999,5838.68994140625
37059264350000,4193.3841484,3385.442626953125
37015206290000,1476.6159586600002,1323.486083984375
37033268350000,1332.9031746199996,1266.0697021484375
37125271720000,4366.2121051999975,4130.6669921875
37115214150000,4049.7825879,3699.82958984375
37115208090000,2388.2661677000015,2883.89453125
37081207290000,2500.3028484000006,2474.86083984375
37081212980000,3303.5583328,1902.2005615234375
37015221940000,7766.4407871,7613.28466796875
37115205170000,3328.4049151400004,4859.0458984375
37023201690000,2416.6737985999994,2088.19921875
47017066200000,2741.781775500001,3284.005615234375
37059263950000,1864.3429942899993,2183.896484375
37115211750000,4630.149969420001,3971.101318359375
37081202730000,2680.9752844999994,2697.90380859375
37083566470000,1087.0035570599996,1598.9310302734375
37081204370000,1967.1699625600002,2370.0673828125
37059261850000,6348.939892200002,5042.865234375
37125240170000,1520.36789899,1438.4259033203125
47085100410000,3861.1474579999995,3327.240966796875
37015213410000,5320.8635122999995,3921.65673828125
37015221470100,3005.3510297999987,4096.57421875
37081206210100,3758.921052200002,3356.258056640625
47017062500000,5525.509809,4060.916015625
37113201450000,6639.519994740003,8595.869140625
37125240980000,1898.6453979099997,1738.4703369140625
47001032380000,3370.450127400001,3344.308349609375
37081215720000,3167.2717617999997,2821.590087890625
37081206110000,2122.1957032100004,2439.865966796875
37015225510000,2969.9746011000007,5816.14892578125
37115211860000,3764.5677906,3603.385498046875
37115215340000,8661.947803000001,8176.13330078125
37117215510000,2498.0698525,2858.72900390625
37115204390000,8455.4664387,5634.17529296875
37117216040000,1003.2691998999999,1762.302978515625
37015220300000,9009.90256306,7044.00390625
37115217770000,6911.8862082999985,6189.1611328125
47085100150000,3928.597583500001,3919.625244140625
37015203030000,3852.6822637000005,5757.57763671875
37005312130000,2945.213794,2345.21484375
37117216010000,2103.2487717100007,2191.271728515625
37115206260000,1672.5492343500007,1875.5333251953125
37115212360000,7405.043513600001,4999.0791015625
37019219680000,2936.80440826,1611.66455078125
37035212360000,1053.5407854599994,846.69677734375
47095020850000,2204.79718047,2477.610107421875
37081206880000,2042.5808629999995,2195.919189453125
47017061910000,2401.2748906499996,2922.928466796875
37081207940000,832.8062100199998,1119.6202392578125
47017062440000,2584.0794276299994,2921.757568359375
47103029920000,2032.9016340499995,2283.751220703125
37081211500000,1430.98822994,2633.566650390625
37019218890000,1602.2646550000002,1377.628662109375
37059251340000,958.1603210400001,1081.784423828125
37115214170000,2803.4178272999998,3311.360595703125
37051245690000,1887.6068611399996,2253.323974609375
47051015550000,3349.6114313999997,2954.655517578125
37115217120000,9246.0848702,9967.5498046875
37081208540000,4664.599702800001,4003.739013671875
37059263640000,4055.03403086677,4620.26171875
37117205530000,647.7927595399998,549.7202758789062
37081203620000,1565.918559570001,1747.9713134765625
47051016650000,2612.2744331,2568.216552734375
47103027580000,2195.9538295000007,2789.25927734375
37115202270000,2533.9642148300004,3402.49072265625
37059264370000,5189.8762472,4754.931640625
37115206290000,4633.751998,4817.16943359375
47103026460000,2527.2563035000003,2420.83935546875
37015208550000,3970.2145784999993,5036.17529296875
37125238980000,1280.6685659799998,1345.0194091796875
37129285960000,2255.0592331999997,1733.2811279296875
37059262900000,3827.7304714399997,3328.365966796875
37059256740100,3085.4277759999995,2322.394287109375
47017064960000,4477.8833186,5048.43115234375
47017060220000,2327.656463480601,2879.2734375
37015225840000,2676.5291263999998,2918.634033203125
37115204240000,4206.8516113000005,4362.66796875
37081205260000,688.8656250599998,1730.774658203125
37129288270000,2068.5735982999995,1959.0465087890625
37047247910000,2627.8725989100008,2276.0107421875
37059258290000,3584.6083272700016,2582.10400390625
37033270020000,482.6622983000001,553.21240234375
37015215300000,1699.0583945199994,2237.36328125
37015207730000,710.69914319,1199.1656494140625
37081203780000,2072.71861238,2057.361083984375
47017063180000,2650.7389531299996,3068.632568359375
37019219200000,1922.474839,1484.2183837890625
37131203570000,7222.1926490700025,7873.7802734375
37113200350000,885.4993720619999,705.2950439453125
37015214510000,2714.5552748800005,1959.7093505859375
37115201690100,1856.2105759999997,2380.895263671875
47001032200000,2622.245769600001,2780.2705078125
37115205920000,4419.189002039999,4083.948974609375
37125247170000,1766.6007629599997,1814.12158203125
47095020830000,3298.16629763,2988.023681640625
37059260260000,1470.5686551999997,1292.30859375
37115214510000,6556.134414599999,7195.49853515625
47095021390000,3530.4124584099995,3351.13330078125
37081210740000,1940.9416107999998,2203.511962890625
37129284560000,1985.129550330001,1719.1971435546875
47017063710000,3638.3979800999996,3054.7880859375
37117212310000,868.4384695099999,773.2570190429688
37081213240000,5999.601717699999,3991.72509765625
37115213020000,8254.5106921,9201.197265625
37059257920000,4687.923599099999,3429.956298828125
37113201370000,4720.78288,4356.8828125
37115219050000,3986.0373121999996,3901.13916015625
37125245300100,1489.9730697400005,2398.5390625
37051245710000,4390.629743599999,4559.09033203125
37081209250000,2230.3779062999997,2851.05517578125
47017062200000,4881.595947499998,4912.92724609375
37115217800000,4210.011310799996,3539.63916015625
37035212550000,2154.262695399999,2624.141357421875
37125271610000,3973.926962499999,3850.433349609375
37019219730000,2235.030006,1902.3397216796875
37131204050000,9931.354516599997,8053.62158203125
37081215260000,3579.371530399999,4191.80078125
37019219630000,2336.0348307,2464.910888671875
37027216710000,1153.4582524199998,1138.82568359375
37131202240000,4955.477971799998,2998.58447265625
37125248670000,3431.7026217000007,4650.60302734375
37081202570000,2373.2836241799996,1709.233154296875
37081209910000,3924.507653679999,4329.04541015625
37033269110100,895.2136293600001,620.9434204101562
37129286550000,1756.3583907600005,2214.75732421875
37115217390000,5703.644659200001,4534.92919921875
37081207470000,1857.64925651,1259.4739990234375
37015206400000,4634.628266,3821.6279296875
47017064340000,4153.817783899999,4081.372314453125
37131202760000,325.19618307999997,3605.99072265625
37059258250000,5366.1700769,5056.1171875
37115207150000,7589.775571856002,5848.8369140625
37115202340000,4910.105526499999,4518.42578125
47085101390000,2220.521762099999,2530.692626953125
47095022150000,4102.0473144062,5965.982421875
37081208310000,3395.2092424300017,3087.06396484375
37081210390000,3410.85783187,3468.751953125
37051244900000,1905.1377732399994,1641.3387451171875
37115213950000,3644.9356764700005,3434.1962890625
37129286850000,1695.7922891700002,2096.779541015625
37081205670000,3020.87460432,2419.071044921875
37081204850000,2287.7913694,2067.15283203125
37125269500000,3548.1319488900012,3832.63671875
37059262200000,2712.585399500001,1855.6290283203125
37115209030000,3123.5232954999988,3568.433349609375
37117204550000,2294.7732257000002,2371.9501953125
37015206890000,5859.3949023000005,5118.13525390625
37015215120000,3478.2010487,2962.73828125
37051243910000,986.2199035599998,1042.9449462890625
37129285630000,2795.7004865000004,2324.27294921875
37081204080100,1897.4613129999993,2667.649658203125
37059260160000,1729.5003822499993,1857.29248046875
47085100620000,4923.49303424,4044.3720703125
37015212900000,2282.3320071000003,3056.00244140625
37115210510000,4643.258959700001,4883.771484375
37115200410000,1801.89214646,1958.83056640625
37015213160000,5297.507871600003,4600.9560546875
37083552810000,633.2930202903098,615.3514404296875
37117207770000,713.2796448400001,1353.6981201171875
47017061920000,2334.9676646,2179.293212890625
37117214850000,2545.611157,1378.5660400390625
37081214780000,4512.285088800001,4879.5615234375
37015208020000,1698.2906592099998,1640.2724609375
37115218940000,4177.4235628999995,4488.369140625
37115216240000,9629.670707400002,9791.708984375
37129287790000,3612.221342500001,3763.09423828125
37115209050000,7295.096850700001,7562.73291015625
37015227290000,4277.18925346,3018.88525390625
37117211910000,1515.2985997300004,1387.3856201171875
37015201860000,2302.616890619999,2038.5155029296875
37059257020000,2625.906149999999,2157.165771484375
37115210280000,2197.9237228,3100.312255859375
37115213330000,3130.8565759099993,3388.26513671875
37059267500000,3067.4395001901994,4243.3349609375
37033271980000,1081.17767983,955.742431640625
37015206260000,1564.5358007699997,2237.2734375
37005308260100,1884.0371126599998,1413.235595703125
37117212050000,3125.1527891999995,3475.56689453125
37125275180000,1485.9040819450001,2250.25537109375
37081209680000,6423.1014847999995,5405.0185546875
37125273300000,3722.49381861,4087.1318359375
37115217350000,4366.054483700001,4414.33056640625
37059263140000,2767.2443771,3806.486083984375
37015222000000,2611.7885796100004,1698.6341552734375
37115208360000,6276.234271900001,4691.69970703125
37015215840000,900.6124241200001,1607.2657470703125
37131202850000,4173.748134739999,3400.57568359375
47103024370000,1986.3784851000019,2404.502197265625
37015218690000,1600.9429597299995,1918.897705078125
37059265570000,4235.862344289999,3584.772705078125
37059266950000,2382.1372330099994,3062.8896484375
37081210460000,1648.0270507999996,1722.705322265625
37081203990000,1632.4955485500009,1550.64111328125
37015226050000,8114.162701599999,4006.65966796875
47085100440000,4419.0408887,4201.1083984375
37125248190000,5451.2012755,5150.013671875
37115206550000,5231.783655360001,5120.6220703125
37015206470000,2929.3473532999997,2657.815185546875
37047247790000,2337.705438658,2001.1395263671875
37081209130000,2981.5455750200003,3068.998291015625
47097037080000,845.98196,689.6476440429688
37115216270000,5818.794131299999,5121.1357421875
37013200160000,623.5337088899996,969.3014526367188
37015218190100,4910.025565700001,5387.3046875
37059258440000,1227.9036468499999,1775.7218017578125
37019217250000,1473.8174068099997,1665.737548828125
37015226070000,6502.91272507,3370.971923828125
37059264880000,4340.158343,5758.29150390625
37035212340000,2245.5610643,2406.373291015625
47017061480000,5324.323042799999,4461.142578125
37019219820000,1151.7617320900001,1079.4815673828125
37059257900100,4533.5051334,4631.08203125
37115216440000,4259.842504299999,4079.865478515625
37115220080000,2924.0259743,2799.93505859375
37125247140000,1996.05363148,1799.6243896484375
37047249000000,1712.4721838099995,1921.784423828125
37059262560000,6378.239592716,5745.0615234375
37081215470000,1990.7796046600006,2219.981201171875
37131203510000,4515.536907799998,5128.029296875
37115215880000,4635.2358232,5278.78271484375
37015226060000,5941.7574883,3479.453125
47085100570000,4090.1093706,3914.7861328125
37059264890000,4112.322392499999,4484.47412109375
47017063330000,3652.0536091000004,2932.20068359375
37015217550000,2140.605273100001,1679.747802734375
37081201920000,2146.9332403999997,2534.902099609375
37081201480000,1684.8156630100007,1471.13037109375
37059264400000,3169.3953401000012,2514.5283203125
37115208700000,4758.183355099999,3819.70068359375
37115209250000,11162.314845580004,5730.19287109375
37117216930000,2132.5258333,2424.154052734375
47033056020000,2243.6106164,1483.5106201171875
37015225810000,9612.1302383,7274.5556640625
37131203030000,4708.803659700001,5166.06005859375
37035212540000,1824.7143900800006,1480.485595703125
47103026810000,2394.83340753,2205.979248046875
37047248400000,2938.98731296,2822.712158203125
37081208480000,3276.6620565999992,3466.16650390625
37125245660000,3848.5980679999993,3290.047119140625
37131203850000,4395.4917307,8834.0595703125
37115216450000,4611.962347900002,4799.00927734375
37059252680000,1423.6587530899994,1672.9775390625
37125243740100,4516.7492582,2629.256103515625
37113200110000,3718.0657225699983,3262.64794921875
37115218600000,3755.6023015999995,4309.22607421875
47017063340000,3695.215871699999,2598.252685546875
37081209190000,2224.02594887,2016.5767822265625
37081202790000,1674.5888754864,1236.825439453125
37129288360000,581.8560062399999,820.79638671875
47103030410000,1659.1653395500002,2239.050537109375
37129288050000,1549.8373447299998,1904.1328125
37081206240000,648.02932606,1062.4642333984375
37015205680000,3776.8449261,2246.094482421875
37019221450000,1761.6570176,2706.6015625
37117208630000,1052.4069455700003,1253.872802734375
37081203220000,2637.1547412999994,2717.21875
37129287040000,1017.6595152700002,1504.005859375
37015215560000,5127.928407276768,5350.33154296875
37019220680000,2932.9474288999995,2935.353271484375
37015210000000,3981.3154873999993,3840.47900390625
37125246280000,1057.804465359999,1899.7275390625
37125247940000,2600.3965977000003,3337.05908203125
37081201910000,2189.0174975,2100.50146484375
37117212240000,1636.87123135,1373.2818603515625
37081205590000,779.4474279409999,670.8602905273438
37117211480000,530.8309352880001,1585.8043212890625
37115207170000,3295.231134300002,3330.04541015625
37115209900000,5068.803682000001,4754.2490234375
37015209440000,429.49110866700005,823.00341796875
37007204120000,2203.314325823,2110.118408203125
37081202000000,3078.3348452,2642.424560546875
37059255960000,1050.1133665299997,1353.8133544921875
37125249280000,4902.716328399999,5956.1181640625
37047247330000,1915.92304505,1578.72900390625
37115201750000,1242.3955678900002,986.366455078125
37131200510000,5947.292300100002,5332.91357421875
37081202770000,1207.7662901300002,1076.1937255859375
37015208220000,2486.3854951000003,2978.53759765625
37081207970000,915.8597713099997,726.6135864257812
37015208870000,3333.9624538099993,3913.465087890625
37129278770000,930.1239920300001,880.0873413085938
47017064040000,4269.199139699999,3978.529541015625
37115212420000,6342.618180299999,5342.26220703125
37081205490000,2294.5142508,1663.705810546875
37081213630000,780.2995213199998,1820.8544921875
37059261370000,2245.834135299999,2524.565185546875
37115212200000,5063.7066658,3984.862060546875
37019219230000,800.894978538,1275.935546875
37117205760000,2985.1316313999996,1587.967041015625
47051012950000,3631.0036302999997,2534.533447265625
37081204860000,1495.3481647500003,1366.441650390625
47103029840000,5554.87507568,3619.863525390625
37125276200000,2204.1195544400002,2205.92431640625
37115207500000,4146.954346589999,3909.05908203125
37081211970000,4444.890577900001,4631.79833984375
37115211920000,8288.8152777,6572.64013671875
37019220430000,2138.5441255800006,2366.07763671875
37083566810000,612.2559494300002,1139.4169921875
37047248610000,2118.2165069600005,2006.854248046875
37115208180000,4757.21134434,3741.754638671875
37115210890000,7363.4087478,5953.93701171875
37019222910000,1673.4313150999997,1762.4736328125
37081210420000,2329.0461605,2335.323486328125
37015219070000,2648.9061018999996,2055.501953125
37081204040000,3135.4981009999983,1837.64111328125
47017062660000,4242.0356484899985,4011.538330078125
37015212740000,2626.4622073,1926.326416015625
37117205640000,1022.2131442799999,1028.3690185546875
37081208470000,3947.8756008000005,3442.3330078125
37015214370000,2293.5878150900003,1726.649169921875
37015222670000,6055.980839170003,5199.57958984375
37115205740000,2638.7199226000002,3215.101806640625
37125269560000,2096.4691633,2815.4072265625
37081209170000,2642.0125552000004,2145.347412109375
37117216320000,3525.5318375999987,2862.330322265625
37125247290000,2588.9828095999997,1967.333984375
37115216890000,7566.872867099998,5556.83154296875
37115207650000,5724.3524101,5104.54931640625
37117203950000,2328.0073294,1973.117431640625
47085100940000,2955.1314689,3231.484130859375
37125243480000,3881.087106599999,2819.771240234375
37059264250000,3325.227484400001,4245.24072265625
37081211630000,1449.7736172700004,1765.9400634765625
37129287940000,2197.1799308,2785.5966796875
37051245750000,3681.486059780001,3858.287841796875
37081207480000,2957.0179842000007,1357.9896240234375
47061016740000,3051.8126722000006,3790.7490234375
37125274370000,4156.0870472999995,4758.94140625
37115209620000,5022.181729499998,4120.2392578125
37115210310000,9868.929534399998,8878.4384765625
37115209640000,3949.7079679000008,4407.28369140625
37081203470000,3782.0887594999995,2769.755859375
37015204870000,5327.5882225,5313.20068359375
37059254880000,1623.2986653000003,1279.9666748046875
37059258260000,5796.9592945,4835.1953125
37081207000000,3939.0523800199994,4142.53515625
37047249050000,1507.5224984852998,1871.8685302734375
47095021330000,3919.5613940499993,4043.276611328125
37117215320000,2260.44910663,2234.8427734375
37117212640000,589.2439513100002,345.06549072265625
37081211480000,1288.08625866,1528.8494873046875
47095022000000,3975.4601359,3491.093017578125
47051016780100,3532.0382408299997,3277.693359375
37125273460000,6756.2281048,6983.88330078125
37115211460000,3856.24510565,3159.07958984375
37051245610000,1640.8803773200002,1456.3543701171875
37115202490000,3016.146801259999,3419.291259765625
37051243440000,1162.2447185600001,1352.820556640625
37015221200000,2333.949228700001,2014.5731201171875
37081210160000,901.2720282999999,865.7662353515625
37081200920000,1479.53417267,948.0263061523438
37081203510000,2516.2483348,2238.3603515625
37115206400000,4998.581834339996,3714.500244140625
37059264330000,3912.0120320139995,3172.579345703125
37115208350000,6669.913406700003,5617.47314453125
37117206870000,1552.58244816,2026.487060546875
37019219870000,1578.0292276000002,1586.1568603515625
37059265350000,3229.8657775,4249.337890625
37015220150000,4111.438474400001,4241.01416015625
37117212320000,879.2295589800001,760.2430419921875
37015208010000,1474.9207579699998,1992.8507080078125
37129286570000,2571.452699600001,1835.916748046875
37129288220000,2335.5587858999997,2481.15576171875
37117206990000,1910.54982708,1920.074462890625
37081209850100,4596.4825029,5337.0224609375
37115214500000,6608.445464800001,4597.56298828125
37125276220000,2429.1938724,2987.59423828125
37059253930100,1169.8468164399997,1347.005615234375
37115212490000,4468.671242299999,4573.70458984375
37081209590000,5322.9385807000035,4090.814697265625
47103025520000,2103.8494023399985,1722.695068359375
47103027610000,2653.8949401000004,2463.22705078125
37051245670000,2059.320947650001,2070.302001953125
37131202370000,1008.5241944400001,4631.55712890625
37125239460000,1929.46667775,2129.59521484375
37023201740000,2708.5052764,2298.118408203125
37015222260000,4284.899956300001,4871.7470703125
37117209690000,3341.8549563999995,2645.8828125
37115211260000,3319.4053031899994,6762.001953125
37117213230000,738.6959851300002,1781.43798828125
37065270410000,1979.2147921341593,3049.86572265625
37033268750000,619.6576849399999,498.5535888671875
37015216000000,4585.23132862,4497.154296875
37115211280000,8574.270590129996,8653.884765625
47017064190000,3060.3417569999997,3169.552001953125
37081212050000,8190.598834800001,6561.18701171875
37081210140000,1697.6950839000003,1242.4652099609375
37005308980000,1599.8348899699997,1570.824462890625
37059265120000,4428.4896343,4413.212890625
37115215650000,2448.1256115,1971.797119140625
37033268930000,670.28719289,666.9752197265625
37005311790000,1243.5810109600002,1424.4578857421875
37115214250000,3056.2812419700003,3138.171875
37115217230000,2606.5046802,2542.450439453125
37115214540000,3836.859542600001,4131.89013671875
37059256870000,2717.1334658000005,1861.23876953125
37015208540000,1549.68907506,2374.75048828125
37033268190000,1099.32507365644,1391.7349853515625
37015221680000,4487.05949525,4293.4931640625
47017064850000,1906.4203646899996,2562.0107421875
37003222720000,3319.68573611,3169.05029296875
37033269540000,784.79759182,1231.69580078125
37115205490000,6901.512970499999,7195.2080078125
37019220500100,1063.5976360900002,1481.8897705078125
37115214760000,2743.236412399999,3241.138427734375
37117204330000,1857.4428298599998,1886.8046875
37115217560000,3577.523774510001,5719.99609375
37081205680000,1554.1962425300003,1650.8958740234375
37115210130000,5917.037969130001,7993.126953125
37015226330000,7993.959065979999,7682.33984375
37015216910000,2482.9183709400004,3059.499755859375
37003222730000,2548.659899730001,2846.46923828125
47033057420000,4353.3067411930015,4599.0517578125
37081209280000,2717.8948250000008,2860.135009765625
47017064000000,5289.0310335,4981.71044921875
37059257600000,2441.55280629,3130.899658203125
37115206240000,1015.6406715600001,2188.535400390625
37115215870000,9629.759045900002,9360.8583984375
37059261710000,2636.8423330000005,2598.73681640625
37115218450000,2406.2788273999995,3612.695556640625
37115216990000,4983.831143400002,4586.72802734375
37005311490000,2469.0777185099987,1133.8662109375
37081205920000,2783.8232058699987,2474.59033203125
37059258880000,1193.7449028,1263.9422607421875
37059263350000,4358.621636499998,4572.32861328125
37115203860000,6544.6361007000005,4414.7412109375
37115205630000,1955.2390471899998,1559.1763916015625
37129287970000,1613.0278552100003,2423.397216796875
37019221990000,2772.0343214999994,3411.965576171875
37125249230000,2216.0712985999994,3118.159912109375
37015220900000,2849.7518939,3659.498046875
47017064460000,3946.9575234,4231.47216796875
37059257620000,4751.5319278,4229.5517578125
37117208160000,2754.9672988,3019.91357421875
37117208890000,890.7587276400003,1433.90576171875
37015209890000,979.6575827879999,1543.022216796875
37115216860000,7053.718136399998,6726.18017578125
37015230780000,3765.9160681000003,2971.086669921875
37051244830000,1552.3205500300007,1821.5269775390625
37117206860000,3004.5447693999995,2323.34228515625
37115217720000,4833.822441299999,5585.9033203125
47017061930000,2500.589440815,2626.409912109375
37081209670000,5680.2827326000015,5341.35888671875
37015221110000,5391.324246799999,4942.55322265625
37115216670000,4057.301275399999,5265.78759765625
37019219240000,1461.4061210299997,1365.460693359375
37081209960100,3072.369680623,3454.212646484375
37115213670000,8158.809347800003,7778.2568359375
37059263720000,2202.2177597660007,3327.360595703125
37059253630000,1095.7288471900001,707.4213256835938
37125246210000,2819.3237498999983,2263.604736328125
47017064470000,3633.5603061029005,4500.66552734375
37129286300000,2096.87476803,1586.738525390625
37125246760000,4880.6418677,3809.677490234375
37059261930000,3428.2847317,4327.19287109375
37019224180000,3442.7348346999997,2872.818359375
37115215660000,2262.097669599999,2126.46923828125
37131200250000,4671.4040430000005,3342.35595703125
37047245340000,473.1385467940001,1118.315185546875
37083565190000,1367.5993410999997,1180.7147216796875
37115204280000,3299.1055671700005,4490.71630859375
37105216710000,949.4396234999996,698.6195678710938
37081203720000,121.41612064100005,1660.8321533203125
37015222370000,5000.4715811999995,5487.96728515625
37115210220000,3349.230564199999,4682.0029296875
37115204050000,4622.328584399999,3780.901123046875
37115203780000,8977.285623200003,6837.82666015625
37081201850000,1250.1390819900002,1686.5615234375
37131202860000,3365.521404730001,5230.3935546875
47017063240100,3487.4933735000004,3216.218505859375
37115213240000,10859.4343682,13805.517578125
47085100780000,2971.8925,3041.8603515625
37131202940000,3958.8945326000003,3785.260498046875
37131203190000,4393.88352749,3560.466796875
37115219100000,3289.9104619000004,2636.703125
37015219240000,761.5357190799999,792.9452514648438
37015215340100,6901.976205201502,5758.58984375
37059263700000,2940.569730479999,4002.34912109375
37015218010000,601.43479631,717.656005859375
37033268850000,810.7817862600001,668.0927124023438
37081212650000,1333.6886956799995,1533.6134033203125
37019221160000,2623.3680157,2106.015625
47051017280000,2657.2771970599993,3159.329345703125
37081201950000,2383.8808408999994,2095.753173828125
47017066570000,4113.4967971999995,3612.578857421875
37019221150000,2990.2016096620014,1898.71923828125
47017063830000,2483.7828436199993,2748.588134765625
37051244700000,1453.93813054,1130.56396484375
47095021580000,3599.5665335999993,4110.35205078125
37047249040000,1832.1392930199997,1643.6099853515625
37115206430000,1437.4114859199997,2193.727783203125
37115214440000,3575.0058101000004,2846.4677734375
37015205760000,1949.1098507000004,1742.397216796875
47017063290000,3498.9725861999987,3382.866455078125
37059259720100,2334.7899803,1986.12548828125
37081213100000,3903.6196782200004,4637.62451171875
37047247960000,1532.4931927764997,2222.677001953125
37059256970000,4862.413359500002,4928.607421875
37059251690000,1773.7895277699988,1144.484375
37059259110100,1903.8427063670804,2031.0423583984375
37081202810000,2008.4458685599993,1687.813720703125
37027215340000,1263.6270839500005,984.4182739257812
37059259360000,4261.427081899999,3319.89111328125
37051244890000,1942.1908184699998,1451.995849609375
37113201130000,4305.257070620001,4436.2001953125
37015225550000,2989.5603739999997,3296.5166015625
37015206000000,8209.4507439,6858.189453125
37115216370000,4162.1426606999985,4129.60791015625
37019219050000,1622.2142978299999,1594.91064453125
37015224310000,5578.240533100001,4807.89111328125
37117210260000,2240.8797046,1899.5208740234375
37059256890000,2089.3996709000003,2109.47314453125
47085100050000,4552.4794045,2849.524658203125
37125272580000,4009.997217000001,4082.3544921875
37081204830000,2511.18440314,1987.022705078125
37015206340000,1092.5464094099996,2307.041015625
37131202110000,5837.392043799999,4612.92724609375
37015215040000,1508.0082945099996,1808.9461669921875
37035212930000,1143.8410292899998,1271.685302734375
37015208120000,1898.0347153,1747.275634765625
37035212410000,2086.98142313,2327.824951171875
37081204330000,1156.7672696100003,1047.086669921875
37081202040000,3344.6181539999993,2619.43798828125
37115206890000,3647.583746299998,3997.8564453125
37059262970000,3214.0610055384996,3234.812744140625
37125245360000,2141.6328527999995,2029.6123046875
47103031110000,3830.9178462,2876.3505859375
37019221840000,2895.8168141,2749.54052734375
37125242010000,1816.284937409,3262.327392578125
37059263940000,2938.968908159999,2451.853515625
37115208960000,9608.561408199997,5794.35400390625
37015203770000,1864.08961646,2052.26953125
37081208770000,2495.4311419000005,1996.61572265625
37115200220000,971.6222297999999,2957.60205078125
37059269260000,4731.9363613000005,4891.83837890625
37015224640000,3382.2046777999994,2770.38671875
37115216660000,4906.022705099999,5468.47802734375
37115211950000,3773.527901840001,4153.41552734375
37125277410000,4009.7547125000006,2829.37109375
37115213130000,4234.393681588998,4510.978515625
37015220530000,2754.3114948000007,2791.663330078125
37081204670100,1899.8680531000005,1505.8087158203125
37081203480000,527.5638474799999,1518.9412841796875
37015208100000,1692.5726593800005,1732.328369140625
37059263990000,1819.9176603923,1943.388671875
37081208100000,1992.5013960000006,1462.6121826171875
37117213400000,841.12374148,1164.78857421875
37081202720000,2646.2903527,2740.625244140625
47103029690000,1504.7807025799998,1959.61669921875
47017064970000,3892.704797,3929.9033203125
37105216690000,853.3761609099998,961.6702270507812
37081213080000,3883.8047459,2804.53125
37015208890000,4630.249067,4949.89208984375
37059256010000,1275.49159984,1537.853515625
37081206690000,3899.18196061,3186.86181640625
47095021440000,3929.9560224999996,3502.768798828125
37081203880000,2169.677282530001,1718.481201171875
37115219740000,7734.3549265,7591.6533203125
47017063700000,2660.5279951,3054.7880859375
37015212300000,3511.163170000001,2331.07666015625
37125272430000,3713.9273405999993,3926.388916015625
37125240450000,1860.9952121899998,1859.4888916015625
37003222040000,1927.1367673799996,1500.7928466796875
37081202550000,1967.5481255710001,2217.816650390625
37125244140000,1863.67250324,1538.799560546875
37059263980000,2195.3397674,2393.61279296875
37115214050000,4980.635829900001,4667.1953125
37081209940000,4872.05958508,5522.67919921875
37081214060000,6206.351320599998,5365.7431640625
37125242070100,2176.7624267999995,1768.791015625
37081214460000,1755.435852589999,2786.7158203125
37015214260100,5335.5992265800005,5854.4306640625
37131202220000,8880.5732614,6657.640625
37059262570000,5985.0898113,6245.77197265625
37081204570000,3996.060277099999,3431.031005859375
37081204730000,2965.505031670001,2861.782470703125
37125242140000,2131.65306948,2199.364013671875
37059252800000,879.9617579800001,1115.156494140625
37059254380000,3859.949908099999,4200.6083984375
37081213230000,5019.9182217200005,3654.034423828125
37035211620000,160.89048485040007,902.920654296875
37115210150000,6987.354933399998,6151.61962890625
37059263900000,2495.2862914,2036.331298828125
37013200130000,354.7698610010001,970.052734375
37059261700000,1793.2477619899998,1806.933349609375
37015222660000,1798.81844847,1576.9803466796875
47017064530000,5526.9217969,3199.595458984375
37115204530000,3087.4872947600006,2503.826416015625
37059266850000,1264.359868291,2080.57177734375
37019221100000,2367.5042083,2472.3408203125
37081207820000,1873.1771757400006,1460.815185546875
37115211670000,6279.09526862,4676.00390625
47017064980000,3472.0978635,4110.66357421875
37125274660000,4151.6039832999995,3448.688720703125
47017062740000,5362.6233747999995,4044.07861328125
37115215240000,6080.458507899999,6059.0546875
37131203020000,4701.3422183,3877.37255859375
37115205450000,4823.288609340002,5173.7685546875
37081208860000,6012.198298470002,5652.5634765625
37115200510000,2047.79619364,2021.2425537109375
37081203160000,2010.9960884900001,1730.081787109375
37125243650000,1775.0140087600003,1622.3995361328125
37115218870000,3009.7965797999996,3322.24853515625
37125244620000,1441.7359439800002,1177.1224365234375
47085099990000,4477.824441299999,3286.752197265625
47017064320000,2060.2112518500003,2061.3916015625
37033268630000,527.6345592959999,652.9476318359375
37081203070000,2256.1973881700005,1905.149169921875
37019220440000,1839.2071502200001,2173.563720703125
37015213630000,2206.81683726,3111.825439453125
37115215380000,5141.7822013999985,6064.1591796875
37115213260000,10106.5905352,11621.6298828125
37117211280000,2947.321836886,3112.389892578125
37015218360000,3063.6660594,3138.756103515625
37015218500000,4149.7917093,3196.3720703125
37115205600000,1743.6995425999999,1294.57275390625
37115217790000,8584.6521535,6103.16845703125
47103030430000,3056.8794580999993,3858.7041015625
37117211770000,1313.60586675,1694.5408935546875
37125276410000,5148.525098800002,6061.77490234375
37081208510000,2654.4004828,2793.97314453125
37115213280000,10322.9819009,13701.26171875
47017060020000,3268.7196372967996,2978.66943359375
37059264780000,2560.150054893,2600.773193359375
37015218310000,3609.2868621,2917.10595703125
37115205870000,2049.1383022109994,2684.836669921875
37117214490000,832.6690928700003,1400.7760009765625
37015221060000,3420.3527975999996,3360.989501953125
37015212240000,6771.341689900001,5761.509765625
37081209110000,1891.7356974299996,1515.421875
37125243530000,2128.7026315600006,1488.6419677734375
37115203560000,6164.2607083,4115.3662109375
37059256500000,1405.9752589799996,1170.064208984375
37081206260000,1928.8949550299994,2072.616455078125
37125244250000,1968.7738497900004,1840.8026123046875
37117213200000,1357.2693644300007,1695.1444091796875
37117204840000,215.61510180000008,571.1826782226562
37115217960000,1204.5213089299993,2069.376953125
37115209450000,579.9319614699999,989.5687255859375
37015222530000,7302.279938400002,6049.21533203125
37115217450000,3732.370539900001,3596.8134765625
37019221970000,2471.852587100001,2586.47265625
37115210430000,6434.274786603399,5466.65625
37115210700000,4745.583847399998,4794.130859375
47017064480000,2146.4544133979994,2375.83740234375
37125273290000,4341.34588818,4935.6533203125
37047244420000,1266.86706237,746.5035400390625
47033056430000,3446.9292126,3087.072998046875
37019222580000,1752.8467265299994,2199.196533203125
37081207440000,3881.863689139999,3750.22509765625
47017064690000,4907.992374300002,4082.93701171875
37015210440000,4689.970598500002,3967.19970703125
37131202270000,2800.8568195000003,4831.84716796875
37125276020000,4505.1293494,6235.04150390625
37015215940000,801.21646766,1349.13232421875
37059261430000,2329.420651,3126.8349609375
37131202340000,3857.0847599000003,3947.0576171875
37081210990000,2175.9293542,2166.6220703125
47103027070000,1544.2187127299992,1782.0758056640625
37125271600000,3924.8955277999994,3209.882568359375
37111202950000,280.62744758,1011.9503784179688
47085101020000,3141.2048763000003,2768.93896484375
37081202200000,1582.88955301,1514.8955078125
47103029960000,2811.1590915800007,2953.664794921875
37115218440000,7789.289238600002,9048.431640625
37059265340000,3787.370144799998,4624.572265625
37019219700000,1877.7414092700003,1653.4271240234375
37059256000000,1771.8879867300002,1486.219482421875
37129285680100,1491.1650270599996,1468.39453125
37035212720000,797.2105183599997,680.5352172851562
37131202980000,4235.820269100002,3962.994384765625
47001033070000,2414.6990025000005,2862.691650390625
37125247680000,1992.0912413000003,1447.22216796875
37115202300000,4355.565486999999,4021.437255859375
37115213050000,1537.12915261,3100.4453125
37131202590000,6522.116066400001,5863.8818359375
37115213990000,5837.718616999998,7712.6767578125
37059263580000,4115.275434700001,3300.20556640625
37117215500000,2473.9769542000004,2368.58740234375
37015219180000,913.52087599,1316.9371337890625
37125249020000,2193.9310667999994,2580.924560546875
37115209510000,9109.227571571997,10019.1162109375
37125272460000,6362.404214599999,5634.4599609375
37019220380000,2811.382262999999,3092.57568359375
37117214460000,2382.7729887919995,2863.7138671875
47095021410000,3389.5036686000003,2828.866943359375
47017062640000,2309.6440030999997,2781.463134765625
37015212280000,1611.5965104800005,1799.881103515625
37115209650000,3653.0387531600013,3753.5
37015218030000,853.93734627,1574.005859375
37125247860000,984.3371518999995,1918.3917236328125
47097037190000,966.7038444500001,1779.3072509765625
37115210110000,7743.796344400002,7825.0947265625
37015203850000,6648.799083500002,5749.56298828125
37125271700000,2954.3589766,5173.13330078125
47051017220000,2771.313097200001,3188.973876953125
37059264980000,3063.470909399811,3753.907958984375
37115218700000,5159.755324399998,4091.19384765625
37115218060000,6094.9256860000005,7585.07958984375
47017063210000,1947.6679604999995,2135.051025390625
37015229290000,4667.989826700001,3853.84228515625
37131201470100,6796.521704799998,3627.085205078125
37125249310000,3561.655532599999,4835.49365234375
37059263920000,3391.9687162999994,3264.2177734375
37117212710000,2469.986601799999,1943.3175048828125
37115204440000,5287.988143899999,3543.724365234375
37051246110000,3675.4458042999995,3384.332275390625
37023201930000,2375.2838411000002,2291.08740234375
47091012500000,5341.789045800001,4324.22900390625
37125272930000,5173.412070130001,4585.3662109375
37059265280000,5445.892746600001,4996.96337890625
37115213180000,6655.433381199999,7071.94970703125
37115206420000,1202.76497075,1644.7171630859375
37059257590000,3607.235356099999,4464.76708984375
37125271730000,4795.095534499997,3940.8056640625
37115205610000,1984.3616224299992,2080.78955078125
37015214650000,2195.8908026999998,2616.34619140625
47095021560000,3746.423760199999,4075.11181640625
37115220830000,2134.229385800001,1966.2291259765625
47085100890000,3734.599497099998,3895.806640625
37059261150000,2055.8320946000003,1728.4864501953125
37115216170000,11676.086902300003,7968.01123046875
37115210330000,11754.018944599999,8233.9599609375
37015227700000,5048.957503799999,3539.677001953125
47061016690000,3402.291128314999,3739.818359375
37125248660000,3650.317202,3908.582275390625
37051245100000,1090.3883126999995,1354.9937744140625
37081207900000,2947.7904022899993,1452.9537353515625
37125269400000,3293.4218782000007,3444.320556640625
37125242990000,1027.4571623523,1053.3914794921875
37033270290000,535.2722638999998,348.3045959472656
37081209660000,2400.188383939999,2419.316162109375
37115206090000,4000.9934381999988,2955.0576171875
37035212330000,2643.2462046999995,2517.165771484375
37059263690000,2348.6690700299996,4384.943359375
37125245560000,2588.3486083000007,2817.8115234375
37015226850000,987.8544574699999,1673.655517578125
37131200620000,7873.2861745,6131.27197265625
37015227550000,5173.770603820001,5522.80224609375
37015206410000,5775.455613200002,6513.89404296875
37125247620000,1750.4099115000004,2051.89892578125
37059261160000,3165.4513383999983,3092.47265625
37117208760000,1075.3612248699997,1663.9566650390625
37051245330000,1054.4229530800003,1656.1571044921875
37115214680000,4734.663320600001,4618.408203125
37035212390000,824.3931222699998,953.1585693359375
47049021080000,2001.6083857700005,2071.81884765625
37115213660000,5121.2885037,5748.73291015625
37125275820000,2339.0852470000004,2466.806884765625
37015221140000,7691.866019949999,8132.232421875
37059253240100,1653.33983128,1876.0194091796875
37125271080100,2796.0127208,3393.6708984375
37081210040000,4117.572742650001,4358.99658203125
37015205930000,2089.596197200001,1477.171630859375
37129286380000,2089.502712100001,2047.80126953125
37015225460000,5574.360199899997,3741.075927734375
37015208230000,1884.2710320899998,2400.6103515625
47061016660000,2982.20761947,3613.88037109375
37115210390000,5072.526820000001,5021.44775390625
37131200430000,6963.8068306514,6565.3408203125
47095021570000,4019.3219509000005,4190.79248046875
37117211290000,3533.760506262999,3778.76806640625
37115204640000,1588.5576847799998,2157.470947265625
37015222020000,5293.085195799999,5194.25537109375
37015212370000,2201.100934899999,2723.698974609375
37019220090000,2207.4803685,1832.1058349609375
47017066190000,3307.4676616999996,3404.219970703125
37015213310000,4111.6141008,4821.01611328125
37117214040000,332.701145593,456.45477294921875
37115209950000,4589.769577600001,4483.49462890625
37115203660000,1510.5438710500002,2325.500244140625
37117211150100,1104.2520894299998,2257.41357421875
37059261870100,4082.8593426999996,4252.595703125
37015207190000,3035.9011930899997,3923.846923828125
47001032870000,3445.7804708,3451.765380859375
37129284430000,1324.3581978900006,1438.130859375
47103029700000,1875.6761016200007,1810.9017333984375
37115214090000,3896.9288302000004,5340.62353515625
37019221820000,3014.576231299999,4329.55908203125
37081207950000,1334.8958383464271,1621.5655517578125
37117207910000,429.70005853000004,724.6519775390625
47017062430000,3256.338043399999,3101.9541015625
37117204160000,983.7117850900001,1661.061279296875
47103025600000,735.8457593900001,1359.312744140625
37015222690000,5789.0355991999995,4050.274658203125
37125271830000,5298.14136011,5263.87939453125
37059256880000,1371.9408576400003,1516.6119384765625
37117216660000,2633.8351990000006,1731.0628662109375
37015208730000,768.8111228500002,1983.111572265625
37125243100100,2243.952887379999,2393.2158203125
37131202540000,4557.658337999999,6320.458984375
37027215480000,647.9754357700006,918.5007934570312
37115212260100,3244.7273975144,2872.026123046875
37081207390000,936.6443909500001,2393.07080078125
37117208880000,1395.2692935,2074.1171875
37115206170000,1877.5950471283993,3016.304931640625
37113200940000,4415.110063000001,2082.814697265625
37081214280000,5148.939148699999,5166.23583984375
37081201930000,2394.4064412,2260.869140625
37115204740000,1415.8419878499992,1755.7117919921875
37081204600000,2431.7726066399996,2532.474853515625
37125248200000,4902.8349827,4778.14404296875
37117214860000,1893.1440148699996,1521.1851806640625
37007204270000,1381.4518673900002,1821.46826171875
37081205080000,658.8985401897202,1647.400634765625
37059258120000,1252.4212626000005,1193.6629638671875
47049023460000,4308.4723674100005,3757.34326171875
37129284790100,1650.1461189399997,1842.9464111328125
37115205270000,809.2825983799999,940.511474609375
37115217370000,5559.8693934,5243.94287109375
37081213570000,4013.9439416,4389.189453125
37115202640000,3392.8595775999993,3852.850341796875
37117212260000,1442.59389997,1256.44580078125
37015222600000,5876.2510993999995,8209.619140625
37115201050000,6147.6228165,4908.5068359375
37115209040000,6612.578585800002,5922.560546875
37059256030000,507.38000092000004,1202.120361328125
37125269970000,2943.8259611000003,2385.425048828125
37115206570000,2763.3211180099997,4321.39892578125
37033268230000,1224.9561630700007,1167.372314453125
37015217220000,973.9356003600002,1264.80029296875
37015225450000,4773.129488099999,4191.57958984375
37015209090000,1692.4421211000006,1712.0902099609375
37081203230000,3165.0557944,2766.600341796875
37125242510100,2024.0587139000004,1670.53369140625
37081207350000,1816.9131672589997,1817.7001953125
37117208210000,534.5712967699999,1716.310302734375
37115218310000,2571.7339773000003,3032.663330078125
47033057430000,4453.3528194047,4104.3369140625
37115216510000,5994.810622800001,6255.234375
37081209000000,2328.7100388399995,3204.082763671875
37115216520000,5990.240198099999,7560.505859375
37125273150000,1159.7440036799999,2636.677734375
37125248980000,5839.522034500001,4976.23828125
47103030360000,5496.874739799999,3798.2939453125
37125273860000,3962.1628263000002,3292.775390625
37015218070000,2357.4516201000006,2065.55029296875
37115200500000,1388.7272302500003,3019.302734375
37115217130000,4693.027538600001,7298.72998046875
37081206320000,5148.540052999999,4805.88623046875
37019218670000,2306.8047642,1653.1466064453125
37015213430000,3847.59997981,4721.5595703125
47017065640000,3337.1903475999993,4163.64599609375
37115212630000,13994.6442825,12611.26171875
47017062590000,3622.098064999999,3748.26806640625
37019221120000,2262.4582308999998,2185.547119140625
37131202140000,9974.845905556998,6921.587890625
37051245590000,412.9910998099999,1175.5050048828125
37015216020000,1960.62568388,1653.9345703125
37081210720000,1749.2120016299993,2146.33544921875
37113200590000,3200.2322507999993,1943.908447265625
37081206860000,1762.0431035900003,2148.8564453125
47017062940000,2331.113747900001,2194.575439453125
37019222720000,1895.7005414130992,2029.052001953125
37015212910000,3561.4933267,3799.27978515625
37113201410000,7976.7752639,7400.20556640625
37125248220000,3555.3718087999996,3795.322998046875
37019223640000,3099.5528801,2715.923583984375
37125276840000,3511.1176987619197,3068.17236328125
37033269310000,556.263987515,549.34423828125
37015211210000,3911.6881602,3688.053466796875
47091013200000,1245.9907441000003,1849.3763427734375
37015213910000,180.7330103839999,773.7883911132812
47017064450000,2773.0341784470006,2671.816650390625
37081209140000,2147.6160375580007,3050.39794921875
47097037610000,1186.3843786900002,1225.8193359375
37015208000000,1542.3700818599993,1833.2747802734375
37117207140000,298.87373161000005,468.4081115722656
37059265790000,1540.1836244996,2490.884521484375
37131200770000,7621.385922800002,6834.88525390625
37115212170000,2543.5899478999995,4580.12939453125
37115216770000,2951.6863782,3564.79443359375
37125243660100,2613.670635799999,2404.982421875
37015209530000,3283.6003493000003,3470.011962890625
47017063260000,3178.388996553599,2912.762939453125
37059252380000,829.6030899099999,1150.6414794921875
37051245460100,1441.5566794,1633.7005615234375
