amino_acid,c,h,n,o,s,hydropathy,acceptors,donors,isoelectric,volume
A,2,5,1,2,0,1.800,0,0,6.00,67
R,6,14,4,2,0,-4.500,0,5,10.76,148
N,4,8,2,3,0,-3.500,2,2,5.41,96
D,4,7,1,4,0,-3.500,4,0,2.77,91
C,3,7,1,2,1,2.500,0,0,5.07,86
Q,5,10,2,3,0,-3.500,2,2,5.65,114
E,5,9,1,4,0,-3.500,4,0,3.22,109
G,2,5,1,2,0,-0.400,0,0,5.97,48
H,6,9,3,2,0,-3.200,2,2,7.59,118
I,6,13,1,2,0,4.500,0,0,6.02,124
L,6,13,1,2,0,3.800,0,0,5.98,124
K,6,14,2,2,0,-3.900,0,3,9.74,135
M,5,11,1,2,1,1.900,0,0,5.74,124
F,9,11,1,2,0,2.800,0,0,5.48,135
P,5,9,1,2,0,-1.600,0,0,6.30,90
S,3,7,1,3,0,-0.800,2,1,5.68,73
T,4,9,1,3,0,-0.700,2,1,5.60,93
W,11,12,2,2,0,-0.900,0,1,5.89,163
Y,9,11,1,3,0,-1.300,1,1,5.66,141
V,5,11,1,2,0,4.200,0,0,5.96,105
