	i	j	t
0	0	1	1
1	0	2	9
2	0	3	8
3	0	4	8
4	0	5	8
5	0	6	9
6	0	7	0
7	0	8	3
8	0	9	8
9	0	10	9
10	0	11	0
11	0	12	9
12	0	13	8
13	0	14	5
14	0	15	6
15	0	16	3
16	0	17	5
17	0	18	4
18	0	19	9
19	0	20	8
20	0	21	9
21	0	22	1
22	0	23	8
23	0	24	9
24	0	25	8
25	0	26	9
26	0	27	8
27	0	28	7
28	0	29	3
29	0	30	0
30	0	31	6
31	0	32	9
32	0	33	9
33	0	34	9
34	0	35	6
35	0	36	0
36	0	37	8
37	0	38	5
38	0	39	8
39	0	40	8
40	0	41	8
41	0	42	9
42	0	43	4
43	0	44	8
44	0	45	9
45	0	46	8
46	0	47	8
47	0	48	1
48	0	49	8
49	0	50	1
50	0	51	4
51	0	52	8
52	0	53	1
53	0	54	9
54	0	55	4
55	0	56	9
56	0	57	0
57	0	58	8
58	0	59	5
59	0	60	8
60	0	61	4
61	0	62	9
62	0	63	6
63	0	64	1
64	0	65	7
65	0	66	4
66	0	67	3
67	0	68	9
68	0	69	8
69	0	70	4
70	0	71	6
71	0	72	2
72	0	73	8
73	0	74	4
74	0	75	8
75	0	76	9
76	0	77	8
77	0	78	9
78	0	79	8
79	0	80	8
80	0	81	9
81	0	82	8
82	0	83	8
83	0	84	0
84	0	85	8
85	0	86	8
86	0	87	5
87	0	88	9
88	0	89	8
89	0	90	8
90	0	91	0
91	0	92	0
92	0	93	8
93	0	94	6
94	0	95	8
95	0	96	8
96	0	97	1
97	0	98	3
98	0	99	5
99	1	2	8
100	1	3	1
101	1	4	1
102	1	5	4
103	1	6	4
104	1	7	4
105	1	8	8
106	1	9	2
107	1	10	8
108	1	11	4
109	1	12	8
110	1	13	1
111	1	14	8
112	1	15	7
113	1	16	8
114	1	17	8
115	1	18	8
116	1	19	4
117	1	20	3
118	1	21	4
119	1	22	8
120	1	23	1
121	1	24	4
122	1	25	4
123	1	26	5
124	1	27	4
125	1	28	8
126	1	29	4
127	1	30	8
128	1	31	1
129	1	32	8
130	1	33	4
131	1	34	4
132	1	35	4
133	1	36	3
134	1	37	1
135	1	38	8
136	1	39	1
137	1	40	4
138	1	41	4
139	1	42	1
140	1	43	8
141	1	44	4
142	1	45	2
143	1	46	1
144	1	47	4
145	1	48	3
146	1	49	4
147	1	50	1
148	1	51	8
149	1	52	4
150	1	53	8
151	1	54	4
152	1	55	8
153	1	56	4
154	1	57	4
155	1	58	9
156	1	59	8
157	1	60	6
158	1	61	1
159	1	62	8
160	1	63	3
161	1	64	1
162	1	65	2
163	1	66	8
164	1	67	8
165	1	68	4
166	1	69	4
167	1	70	1
168	1	71	4
169	1	72	8
170	1	73	4
171	1	74	4
172	1	75	1
173	1	76	4
174	1	77	4
175	1	78	4
176	1	79	4
177	1	80	1
178	1	81	8
179	1	82	4
180	1	83	5
181	1	84	8
182	1	85	1
183	1	86	9
184	1	87	4
185	1	88	5
186	1	89	1
187	1	90	1
188	1	91	4
189	1	92	4
190	1	93	4
191	1	94	4
192	1	95	2
193	1	96	1
194	1	97	1
195	1	98	8
196	1	99	8
197	2	3	1
198	2	4	4
199	2	5	3
200	2	6	8
201	2	7	8
202	2	8	8
203	2	9	6
204	2	10	8
205	2	11	8
206	2	12	8
207	2	13	0
208	2	14	8
209	2	15	7
210	2	16	8
211	2	17	8
212	2	18	8
213	2	19	8
214	2	20	4
215	2	21	6
216	2	22	8
217	2	23	2
218	2	24	6
219	2	25	4
220	2	26	6
221	2	27	3
222	2	28	8
223	2	29	8
224	2	30	8
225	2	31	0
226	2	32	8
227	2	33	6
228	2	34	6
229	2	35	1
230	2	36	8
231	2	37	4
232	2	38	8
233	2	39	0
234	2	40	3
235	2	41	3
236	2	42	8
237	2	43	8
238	2	44	1
239	2	45	0
240	2	46	5
241	2	47	3
242	2	48	8
243	2	49	3
244	2	50	8
245	2	51	6
246	2	52	9
247	2	53	8
248	2	54	6
249	2	55	8
250	2	56	6
251	2	57	4
252	2	58	4
253	2	59	8
254	2	60	4
255	2	61	6
256	2	62	8
257	2	63	0
258	2	64	8
259	2	65	6
260	2	66	6
261	2	67	8
262	2	68	6
263	2	69	5
264	2	70	0
265	2	71	8
266	2	72	8
267	2	73	5
268	2	74	8
269	2	75	6
270	2	76	8
271	2	77	4
272	2	78	8
273	2	79	5
274	2	80	0
275	2	81	8
276	2	82	7
277	2	83	3
278	2	84	8
279	2	85	4
280	2	86	4
281	2	87	8
282	2	88	6
283	2	89	1
284	2	90	0
285	2	91	8
286	2	92	8
287	2	93	7
288	2	94	8
289	2	95	2
290	2	96	5
291	2	97	8
292	2	98	8
293	2	99	8
294	3	4	8
295	3	5	8
296	3	6	5
297	3	7	0
298	3	8	0
299	3	9	8
300	3	10	3
301	3	11	3
302	3	12	5
303	3	13	8
304	3	14	5
305	3	15	6
306	3	16	3
307	3	17	5
308	3	18	4
309	3	19	6
310	3	20	8
311	3	21	9
312	3	22	3
313	3	23	8
314	3	24	1
315	3	25	8
316	3	26	9
317	3	27	8
318	3	28	3
319	3	29	4
320	3	30	3
321	3	31	6
322	3	32	9
323	3	33	5
324	3	34	1
325	3	35	8
326	3	36	3
327	3	37	8
328	3	38	5
329	3	39	8
330	3	40	8
331	3	41	8
332	3	42	3
333	3	43	2
334	3	44	6
335	3	45	8
336	3	46	8
337	3	47	8
338	3	48	1
339	3	49	8
340	3	50	1
341	3	51	1
342	3	52	8
343	3	53	4
344	3	54	1
345	3	55	3
346	3	56	9
347	3	57	6
348	3	58	8
349	3	59	5
350	3	60	8
351	3	61	4
352	3	62	9
353	3	63	6
354	3	64	1
355	3	65	7
356	3	66	4
357	3	67	3
358	3	68	9
359	3	69	8
360	3	70	1
361	3	71	6
362	3	72	5
363	3	73	8
364	3	74	3
365	3	75	8
366	3	76	4
367	3	77	8
368	3	78	9
369	3	79	8
370	3	80	8
371	3	81	9
372	3	82	8
373	3	83	8
374	3	84	3
375	3	85	8
376	3	86	8
377	3	87	6
378	3	88	9
379	3	89	8
380	3	90	8
381	3	91	1
382	3	92	6
383	3	93	8
384	3	94	3
385	3	95	8
386	3	96	8
387	3	97	3
388	3	98	3
389	3	99	3
390	4	5	8
391	4	6	5
392	4	7	0
393	4	8	0
394	4	9	8
395	4	10	5
396	4	11	5
397	4	12	5
398	4	13	8
399	4	14	5
400	4	15	6
401	4	16	3
402	4	17	5
403	4	18	4
404	4	19	9
405	4	20	6
406	4	21	9
407	4	22	5
408	4	23	8
409	4	24	1
410	4	25	8
411	4	26	9
412	4	27	8
413	4	28	5
414	4	29	1
415	4	30	3
416	4	31	6
417	4	32	9
418	4	33	7
419	4	34	9
420	4	35	8
421	4	36	5
422	4	37	8
423	4	38	2
424	4	39	8
425	4	40	8
426	4	41	8
427	4	42	3
428	4	43	4
429	4	44	8
430	4	45	8
431	4	46	8
432	4	47	8
433	4	48	3
434	4	49	8
435	4	50	1
436	4	51	4
437	4	52	8
438	4	53	1
439	4	54	9
440	4	55	4
441	4	56	9
442	4	57	8
443	4	58	8
444	4	59	5
445	4	60	8
446	4	61	4
447	4	62	9
448	4	63	6
449	4	64	1
450	4	65	7
451	4	66	4
452	4	67	3
453	4	68	9
454	4	69	8
455	4	70	4
456	4	71	6
457	4	72	5
458	4	73	8
459	4	74	3
460	4	75	8
461	4	76	9
462	4	77	8
463	4	78	9
464	4	79	8
465	4	80	8
466	4	81	9
467	4	82	8
468	4	83	8
469	4	84	2
470	4	85	8
471	4	86	8
472	4	87	9
473	4	88	9
474	4	89	8
475	4	90	8
476	4	91	3
477	4	92	6
478	4	93	8
479	4	94	6
480	4	95	8
481	4	96	8
482	4	97	3
483	4	98	3
484	4	99	5
485	5	6	1
486	5	7	0
487	5	8	3
488	5	9	8
489	5	10	1
490	5	11	4
491	5	12	9
492	5	13	8
493	5	14	1
494	5	15	6
495	5	16	4
496	5	17	5
497	5	18	3
498	5	19	4
499	5	20	8
500	5	21	5
501	5	22	0
502	5	23	8
503	5	24	5
504	5	25	8
505	5	26	5
506	5	27	8
507	5	28	7
508	5	29	3
509	5	30	5
510	5	31	5
511	5	32	3
512	5	33	9
513	5	34	2
514	5	35	3
515	5	36	6
516	5	37	8
517	5	38	5
518	5	39	8
519	5	40	8
520	5	41	8
521	5	42	9
522	5	43	3
523	5	44	8
524	5	45	5
525	5	46	8
526	5	47	3
527	5	48	5
528	5	49	8
529	5	50	5
530	5	51	5
531	5	52	8
532	5	53	3
533	5	54	5
534	5	55	5
535	5	56	4
536	5	57	6
537	5	58	8
538	5	59	1
539	5	60	8
540	5	61	5
541	5	62	9
542	5	63	8
543	5	64	5
544	5	65	3
545	5	66	3
546	5	67	4
547	5	68	5
548	5	69	8
549	5	70	8
550	5	71	6
551	5	72	1
552	5	73	8
553	5	74	4
554	5	75	8
555	5	76	4
556	5	77	8
557	5	78	9
558	5	79	8
559	5	80	8
560	5	81	5
561	5	82	8
562	5	83	3
563	5	84	0
564	5	85	8
565	5	86	8
566	5	87	5
567	5	88	3
568	5	89	8
569	5	90	8
570	5	91	4
571	5	92	3
572	5	93	8
573	5	94	4
574	5	95	8
575	5	96	8
576	5	97	5
577	5	98	5
578	5	99	1
579	6	7	4
580	6	8	1
581	6	9	9
582	6	10	5
583	6	11	4
584	6	12	5
585	6	13	6
586	6	14	5
587	6	15	1
588	6	16	5
589	6	17	8
590	6	18	1
591	6	19	4
592	6	20	5
593	6	21	9
594	6	22	5
595	6	23	4
596	6	24	4
597	6	25	1
598	6	26	1
599	6	27	1
600	6	28	5
601	6	29	1
602	6	30	8
603	6	31	6
604	6	32	8
605	6	33	5
606	6	34	9
607	6	35	1
608	6	36	5
609	6	37	6
610	6	38	1
611	6	39	9
612	6	40	1
613	6	41	1
614	6	42	9
615	6	43	1
616	6	44	4
617	6	45	9
618	6	46	6
619	6	47	1
620	6	48	8
621	6	49	1
622	6	50	8
623	6	51	8
624	6	52	9
625	6	53	1
626	6	54	4
627	6	55	8
628	6	56	4
629	6	57	1
630	6	58	1
631	6	59	5
632	6	60	1
633	6	61	8
634	6	62	9
635	6	63	5
636	6	64	8
637	6	65	8
638	6	66	1
639	6	67	8
640	6	68	4
641	6	69	6
642	6	70	2
643	6	71	4
644	6	72	5
645	6	73	5
646	6	74	4
647	6	75	9
648	6	76	4
649	6	77	6
650	6	78	1
651	6	79	6
652	6	80	5
653	6	81	9
654	6	82	9
655	6	83	1
656	6	84	5
657	6	85	2
658	6	86	1
659	6	87	1
660	6	88	1
661	6	89	5
662	6	90	5
663	6	91	5
664	6	92	1
665	6	93	5
666	6	94	5
667	6	95	4
668	6	96	8
669	6	97	8
670	6	98	8
671	6	99	5
672	7	8	8
673	7	9	0
674	7	10	8
675	7	11	4
676	7	12	8
677	7	13	9
678	7	14	8
679	7	15	0
680	7	16	8
681	7	17	8
682	7	18	8
683	7	19	4
684	7	20	0
685	7	21	4
686	7	22	8
687	7	23	0
688	7	24	4
689	7	25	4
690	7	26	0
691	7	27	0
692	7	28	3
693	7	29	8
694	7	30	9
695	7	31	3
696	7	32	8
697	7	33	8
698	7	34	4
699	7	35	0
700	7	36	3
701	7	37	0
702	7	38	8
703	7	39	0
704	7	40	0
705	7	41	0
706	7	42	3
707	7	43	8
708	7	44	4
709	7	45	4
710	7	46	0
711	7	47	0
712	7	48	4
713	7	49	0
714	7	50	8
715	7	51	8
716	7	52	3
717	7	53	8
718	7	54	4
719	7	55	8
720	7	56	4
721	7	57	0
722	7	58	0
723	7	59	8
724	7	60	0
725	7	61	6
726	7	62	8
727	7	63	3
728	7	64	8
729	7	65	4
730	7	66	9
731	7	67	3
732	7	68	4
733	7	69	0
734	7	70	3
735	7	71	4
736	7	72	8
737	7	73	0
738	7	74	4
739	7	75	0
740	7	76	4
741	7	77	4
742	7	78	8
743	7	79	0
744	7	80	0
745	7	81	8
746	7	82	0
747	7	83	0
748	7	84	3
749	7	85	0
750	7	86	0
751	7	87	4
752	7	88	0
753	7	89	0
754	7	90	4
755	7	91	4
756	7	92	0
757	7	93	0
758	7	94	4
759	7	95	4
760	7	96	0
761	7	97	3
762	7	98	8
763	7	99	3
764	8	9	6
765	8	10	8
766	8	11	8
767	8	12	8
768	8	13	5
769	8	14	8
770	8	15	7
771	8	16	8
772	8	17	8
773	8	18	8
774	8	19	8
775	8	20	4
776	8	21	6
777	8	22	8
778	8	23	2
779	8	24	6
780	8	25	4
781	8	26	1
782	8	27	3
783	8	28	8
784	8	29	8
785	8	30	8
786	8	31	5
787	8	32	8
788	8	33	6
789	8	34	6
790	8	35	1
791	8	36	8
792	8	37	3
793	8	38	8
794	8	39	5
795	8	40	3
796	8	41	3
797	8	42	8
798	8	43	8
799	8	44	4
800	8	45	3
801	8	46	5
802	8	47	3
803	8	48	8
804	8	49	3
805	8	50	8
806	8	51	6
807	8	52	9
808	8	53	8
809	8	54	6
810	8	55	8
811	8	56	4
812	8	57	1
813	8	58	1
814	8	59	8
815	8	60	1
816	8	61	6
817	8	62	8
818	8	63	8
819	8	64	8
820	8	65	6
821	8	66	6
822	8	67	8
823	8	68	6
824	8	69	5
825	8	70	8
826	8	71	4
827	8	72	8
828	8	73	1
829	8	74	8
830	8	75	5
831	8	76	8
832	8	77	4
833	8	78	8
834	8	79	3
835	8	80	9
836	8	81	8
837	8	82	4
838	8	83	3
839	8	84	8
840	8	85	4
841	8	86	1
842	8	87	8
843	8	88	6
844	8	89	6
845	8	90	2
846	8	91	8
847	8	92	8
848	8	93	3
849	8	94	8
850	8	95	3
851	8	96	5
852	8	97	8
853	8	98	8
854	8	99	8
855	9	10	6
856	9	11	6
857	9	12	6
858	9	13	8
859	9	14	6
860	9	15	8
861	9	16	6
862	9	17	5
863	9	18	4
864	9	19	9
865	9	20	8
866	9	21	9
867	9	22	6
868	9	23	8
869	9	24	5
870	9	25	8
871	9	26	5
872	9	27	8
873	9	28	6
874	9	29	3
875	9	30	6
876	9	31	5
877	9	32	6
878	9	33	7
879	9	34	7
880	9	35	3
881	9	36	0
882	9	37	8
883	9	38	5
884	9	39	8
885	9	40	8
886	9	41	8
887	9	42	9
888	9	43	6
889	9	44	8
890	9	45	5
891	9	46	8
892	9	47	5
893	9	48	5
894	9	49	8
895	9	50	6
896	9	51	6
897	9	52	9
898	9	53	3
899	9	54	9
900	9	55	5
901	9	56	9
902	9	57	0
903	9	58	8
904	9	59	6
905	9	60	8
906	9	61	6
907	9	62	6
908	9	63	4
909	9	64	6
910	9	65	6
911	9	66	3
912	9	67	6
913	9	68	9
914	9	69	8
915	9	70	4
916	9	71	8
917	9	72	6
918	9	73	8
919	9	74	5
920	9	75	8
921	9	76	9
922	9	77	8
923	9	78	9
924	9	79	8
925	9	80	8
926	9	81	9
927	9	82	8
928	9	83	5
929	9	84	0
930	9	85	8
931	9	86	8
932	9	87	5
933	9	88	3
934	9	89	8
935	9	90	8
936	9	91	7
937	9	92	0
938	9	93	8
939	9	94	0
940	9	95	8
941	9	96	8
942	9	97	5
943	9	98	6
944	9	99	6
945	10	11	8
946	10	12	8
947	10	13	0
948	10	14	8
949	10	15	7
950	10	16	8
951	10	17	8
952	10	18	8
953	10	19	8
954	10	20	5
955	10	21	8
956	10	22	8
957	10	23	4
958	10	24	4
959	10	25	4
960	10	26	8
961	10	27	1
962	10	28	8
963	10	29	8
964	10	30	8
965	10	31	0
966	10	32	8
967	10	33	6
968	10	34	6
969	10	35	1
970	10	36	8
971	10	37	0
972	10	38	8
973	10	39	9
974	10	40	4
975	10	41	1
976	10	42	8
977	10	43	8
978	10	44	4
979	10	45	0
980	10	46	7
981	10	47	1
982	10	48	8
983	10	49	1
984	10	50	8
985	10	51	8
986	10	52	9
987	10	53	8
988	10	54	8
989	10	55	8
990	10	56	4
991	10	57	4
992	10	58	1
993	10	59	8
994	10	60	1
995	10	61	6
996	10	62	8
997	10	63	5
998	10	64	8
999	10	65	6
1000	10	66	6
1001	10	67	8
1002	10	68	4
1003	10	69	7
1004	10	70	8
1005	10	71	4
1006	10	72	8
1007	10	73	5
1008	10	74	8
1009	10	75	0
1010	10	76	8
1011	10	77	4
1012	10	78	8
1013	10	79	4
1014	10	80	5
1015	10	81	8
1016	10	82	4
1017	10	83	1
1018	10	84	8
1019	10	85	0
1020	10	86	1
1021	10	87	8
1022	10	88	6
1023	10	89	0
1024	10	90	0
1025	10	91	8
1026	10	92	8
1027	10	93	5
1028	10	94	8
1029	10	95	0
1030	10	96	0
1031	10	97	8
1032	10	98	8
1033	10	99	8
1034	11	12	8
1035	11	13	1
1036	11	14	8
1037	11	15	4
1038	11	16	8
1039	11	17	8
1040	11	18	8
1041	11	19	4
1042	11	20	5
1043	11	21	4
1044	11	22	8
1045	11	23	4
1046	11	24	4
1047	11	25	4
1048	11	26	8
1049	11	27	4
1050	11	28	8
1051	11	29	8
1052	11	30	8
1053	11	31	4
1054	11	32	8
1055	11	33	6
1056	11	34	6
1057	11	35	4
1058	11	36	5
1059	11	37	4
1060	11	38	8
1061	11	39	4
1062	11	40	4
1063	11	41	4
1064	11	42	8
1065	11	43	8
1066	11	44	4
1067	11	45	4
1068	11	46	4
1069	11	47	4
1070	11	48	8
1071	11	49	4
1072	11	50	8
1073	11	51	8
1074	11	52	4
1075	11	53	8
1076	11	54	4
1077	11	55	8
1078	11	56	4
1079	11	57	4
1080	11	58	1
1081	11	59	8
1082	11	60	1
1083	11	61	8
1084	11	62	8
1085	11	63	5
1086	11	64	8
1087	11	65	6
1088	11	66	8
1089	11	67	8
1090	11	68	4
1091	11	69	4
1092	11	70	8
1093	11	71	4
1094	11	72	8
1095	11	73	5
1096	11	74	4
1097	11	75	4
1098	11	76	4
1099	11	77	4
1100	11	78	8
1101	11	79	4
1102	11	80	3
1103	11	81	8
1104	11	82	4
1105	11	83	1
1106	11	84	8
1107	11	85	3
1108	11	86	5
1109	11	87	4
1110	11	88	6
1111	11	89	4
1112	11	90	4
1113	11	91	4
1114	11	92	8
1115	11	93	5
1116	11	94	8
1117	11	95	4
1118	11	96	2
1119	11	97	8
1120	11	98	8
1121	11	99	8
1122	12	13	4
1123	12	14	8
1124	12	15	2
1125	12	16	8
1126	12	17	8
1127	12	18	8
1128	12	19	8
1129	12	20	5
1130	12	21	6
1131	12	22	8
1132	12	23	7
1133	12	24	6
1134	12	25	1
1135	12	26	6
1136	12	27	7
1137	12	28	6
1138	12	29	8
1139	12	30	8
1140	12	31	0
1141	12	32	8
1142	12	33	6
1143	12	34	6
1144	12	35	1
1145	12	36	5
1146	12	37	4
1147	12	38	8
1148	12	39	9
1149	12	40	1
1150	12	41	1
1151	12	42	8
1152	12	43	8
1153	12	44	3
1154	12	45	6
1155	12	46	3
1156	12	47	1
1157	12	48	8
1158	12	49	1
1159	12	50	8
1160	12	51	6
1161	12	52	9
1162	12	53	8
1163	12	54	6
1164	12	55	8
1165	12	56	9
1166	12	57	5
1167	12	58	4
1168	12	59	8
1169	12	60	4
1170	12	61	6
1171	12	62	8
1172	12	63	5
1173	12	64	8
1174	12	65	6
1175	12	66	6
1176	12	67	8
1177	12	68	6
1178	12	69	4
1179	12	70	4
1180	12	71	8
1181	12	72	8
1182	12	73	5
1183	12	74	8
1184	12	75	6
1185	12	76	8
1186	12	77	5
1187	12	78	8
1188	12	79	5
1189	12	80	5
1190	12	81	8
1191	12	82	7
1192	12	83	4
1193	12	84	8
1194	12	85	4
1195	12	86	4
1196	12	87	8
1197	12	88	6
1198	12	89	5
1199	12	90	5
1200	12	91	8
1201	12	92	8
1202	12	93	5
1203	12	94	8
1204	12	95	6
1205	12	96	6
1206	12	97	8
1207	12	98	8
1208	12	99	8
1209	13	14	4
1210	13	15	6
1211	13	16	0
1212	13	17	5
1213	13	18	4
1214	13	19	6
1215	13	20	8
1216	13	21	5
1217	13	22	0
1218	13	23	8
1219	13	24	1
1220	13	25	8
1221	13	26	5
1222	13	27	8
1223	13	28	1
1224	13	29	3
1225	13	30	9
1226	13	31	6
1227	13	32	0
1228	13	33	7
1229	13	34	1
1230	13	35	8
1231	13	36	4
1232	13	37	8
1233	13	38	5
1234	13	39	8
1235	13	40	8
1236	13	41	8
1237	13	42	1
1238	13	43	4
1239	13	44	8
1240	13	45	0
1241	13	46	8
1242	13	47	6
1243	13	48	5
1244	13	49	8
1245	13	50	0
1246	13	51	4
1247	13	52	8
1248	13	53	0
1249	13	54	1
1250	13	55	4
1251	13	56	8
1252	13	57	8
1253	13	58	8
1254	13	59	0
1255	13	60	8
1256	13	61	4
1257	13	62	4
1258	13	63	4
1259	13	64	1
1260	13	65	0
1261	13	66	4
1262	13	67	0
1263	13	68	5
1264	13	69	8
1265	13	70	4
1266	13	71	6
1267	13	72	4
1268	13	73	8
1269	13	74	1
1270	13	75	8
1271	13	76	0
1272	13	77	8
1273	13	78	9
1274	13	79	8
1275	13	80	8
1276	13	81	5
1277	13	82	8
1278	13	83	4
1279	13	84	4
1280	13	85	8
1281	13	86	8
1282	13	87	5
1283	13	88	5
1284	13	89	8
1285	13	90	8
1286	13	91	1
1287	13	92	6
1288	13	93	8
1289	13	94	9
1290	13	95	8
1291	13	96	8
1292	13	97	1
1293	13	98	0
1294	13	99	4
1295	14	15	1
1296	14	16	8
1297	14	17	8
1298	14	18	1
1299	14	19	8
1300	14	20	5
1301	14	21	6
1302	14	22	5
1303	14	23	7
1304	14	24	6
1305	14	25	1
1306	14	26	1
1307	14	27	1
1308	14	28	5
1309	14	29	8
1310	14	30	8
1311	14	31	3
1312	14	32	8
1313	14	33	5
1314	14	34	6
1315	14	35	1
1316	14	36	5
1317	14	37	5
1318	14	38	8
1319	14	39	9
1320	14	40	1
1321	14	41	1
1322	14	42	8
1323	14	43	8
1324	14	44	5
1325	14	45	6
1326	14	46	2
1327	14	47	1
1328	14	48	8
1329	14	49	1
1330	14	50	8
1331	14	51	6
1332	14	52	9
1333	14	53	1
1334	14	54	6
1335	14	55	8
1336	14	56	5
1337	14	57	5
1338	14	58	4
1339	14	59	5
1340	14	60	4
1341	14	61	4
1342	14	62	8
1343	14	63	5
1344	14	64	8
1345	14	65	6
1346	14	66	1
1347	14	67	8
1348	14	68	6
1349	14	69	1
1350	14	70	4
1351	14	71	5
1352	14	72	2
1353	14	73	5
1354	14	74	8
1355	14	75	7
1356	14	76	8
1357	14	77	5
1358	14	78	8
1359	14	79	5
1360	14	80	5
1361	14	81	8
1362	14	82	5
1363	14	83	1
1364	14	84	8
1365	14	85	4
1366	14	86	5
1367	14	87	8
1368	14	88	6
1369	14	89	5
1370	14	90	5
1371	14	91	5
1372	14	92	1
1373	14	93	5
1374	14	94	8
1375	14	95	7
1376	14	96	4
1377	14	97	8
1378	14	98	8
1379	14	99	6
1380	15	16	3
1381	15	17	5
1382	15	18	1
1383	15	19	7
1384	15	20	6
1385	15	21	5
1386	15	22	3
1387	15	23	8
1388	15	24	5
1389	15	25	6
1390	15	26	5
1391	15	27	6
1392	15	28	3
1393	15	29	1
1394	15	30	7
1395	15	31	7
1396	15	32	5
1397	15	33	9
1398	15	34	5
1399	15	35	6
1400	15	36	2
1401	15	37	8
1402	15	38	7
1403	15	39	8
1404	15	40	6
1405	15	41	6
1406	15	42	3
1407	15	43	7
1408	15	44	6
1409	15	45	5
1410	15	46	6
1411	15	47	6
1412	15	48	7
1413	15	49	6
1414	15	50	7
1415	15	51	5
1416	15	52	6
1417	15	53	7
1418	15	54	5
1419	15	55	7
1420	15	56	4
1421	15	57	6
1422	15	58	6
1423	15	59	1
1424	15	60	6
1425	15	61	5
1426	15	62	2
1427	15	63	6
1428	15	64	5
1429	15	65	5
1430	15	66	1
1431	15	67	7
1432	15	68	5
1433	15	69	6
1434	15	70	2
1435	15	71	6
1436	15	72	7
1437	15	73	6
1438	15	74	7
1439	15	75	8
1440	15	76	7
1441	15	77	6
1442	15	78	1
1443	15	79	6
1444	15	80	6
1445	15	81	5
1446	15	82	8
1447	15	83	5
1448	15	84	2
1449	15	85	8
1450	15	86	6
1451	15	87	5
1452	15	88	5
1453	15	89	8
1454	15	90	8
1455	15	91	4
1456	15	92	7
1457	15	93	8
1458	15	94	7
1459	15	95	8
1460	15	96	8
1461	15	97	7
1462	15	98	7
1463	15	99	2
1464	16	17	8
1465	16	18	8
1466	16	19	3
1467	16	20	3
1468	16	21	8
1469	16	22	8
1470	16	23	1
1471	16	24	1
1472	16	25	4
1473	16	26	8
1474	16	27	3
1475	16	28	8
1476	16	29	8
1477	16	30	8
1478	16	31	3
1479	16	32	8
1480	16	33	5
1481	16	34	6
1482	16	35	8
1483	16	36	3
1484	16	37	1
1485	16	38	8
1486	16	39	1
1487	16	40	4
1488	16	41	5
1489	16	42	3
1490	16	43	8
1491	16	44	3
1492	16	45	8
1493	16	46	3
1494	16	47	7
1495	16	48	8
1496	16	49	2
1497	16	50	8
1498	16	51	8
1499	16	52	3
1500	16	53	8
1501	16	54	1
1502	16	55	8
1503	16	56	3
1504	16	57	5
1505	16	58	4
1506	16	59	8
1507	16	60	2
1508	16	61	8
1509	16	62	8
1510	16	63	3
1511	16	64	8
1512	16	65	8
1513	16	66	8
1514	16	67	8
1515	16	68	6
1516	16	69	3
1517	16	70	3
1518	16	71	7
1519	16	72	8
1520	16	73	5
1521	16	74	8
1522	16	75	1
1523	16	76	8
1524	16	77	3
1525	16	78	8
1526	16	79	3
1527	16	80	3
1528	16	81	8
1529	16	82	5
1530	16	83	9
1531	16	84	8
1532	16	85	3
1533	16	86	5
1534	16	87	8
1535	16	88	6
1536	16	89	3
1537	16	90	1
1538	16	91	3
1539	16	92	8
1540	16	93	5
1541	16	94	8
1542	16	95	1
1543	16	96	1
1544	16	97	3
1545	16	98	8
1546	16	99	8
1547	17	18	8
1548	17	19	5
1549	17	20	4
1550	17	21	5
1551	17	22	8
1552	17	23	5
1553	17	24	5
1554	17	25	4
1555	17	26	5
1556	17	27	5
1557	17	28	8
1558	17	29	8
1559	17	30	8
1560	17	31	5
1561	17	32	8
1562	17	33	8
1563	17	34	6
1564	17	35	3
1565	17	36	8
1566	17	37	5
1567	17	38	5
1568	17	39	5
1569	17	40	5
1570	17	41	5
1571	17	42	8
1572	17	43	8
1573	17	44	4
1574	17	45	5
1575	17	46	5
1576	17	47	5
1577	17	48	8
1578	17	49	5
1579	17	50	8
1580	17	51	5
1581	17	52	5
1582	17	53	8
1583	17	54	5
1584	17	55	8
1585	17	56	4
1586	17	57	4
1587	17	58	5
1588	17	59	8
1589	17	60	5
1590	17	61	5
1591	17	62	8
1592	17	63	8
1593	17	64	8
1594	17	65	8
1595	17	66	8
1596	17	67	8
1597	17	68	5
1598	17	69	5
1599	17	70	8
1600	17	71	7
1601	17	72	8
1602	17	73	5
1603	17	74	8
1604	17	75	5
1605	17	76	8
1606	17	77	5
1607	17	78	8
1608	17	79	5
1609	17	80	5
1610	17	81	8
1611	17	82	4
1612	17	83	5
1613	17	84	8
1614	17	85	5
1615	17	86	7
1616	17	87	5
1617	17	88	5
1618	17	89	1
1619	17	90	1
1620	17	91	8
1621	17	92	8
1622	17	93	3
1623	17	94	8
1624	17	95	5
1625	17	96	5
1626	17	97	8
1627	17	98	8
1628	17	99	8
1629	18	19	5
1630	18	20	4
1631	18	21	6
1632	18	22	4
1633	18	23	4
1634	18	24	5
1635	18	25	1
1636	18	26	1
1637	18	27	4
1638	18	28	8
1639	18	29	1
1640	18	30	8
1641	18	31	5
1642	18	32	8
1643	18	33	6
1644	18	34	6
1645	18	35	1
1646	18	36	4
1647	18	37	4
1648	18	38	1
1649	18	39	5
1650	18	40	1
1651	18	41	1
1652	18	42	8
1653	18	43	1
1654	18	44	0
1655	18	45	5
1656	18	46	5
1657	18	47	1
1658	18	48	8
1659	18	49	1
1660	18	50	8
1661	18	51	4
1662	18	52	9
1663	18	53	1
1664	18	54	6
1665	18	55	5
1666	18	56	9
1667	18	57	1
1668	18	58	4
1669	18	59	8
1670	18	60	4
1671	18	61	4
1672	18	62	8
1673	18	63	4
1674	18	64	8
1675	18	65	6
1676	18	66	4
1677	18	67	8
1678	18	68	5
1679	18	69	5
1680	18	70	4
1681	18	71	1
1682	18	72	8
1683	18	73	4
1684	18	74	8
1685	18	75	4
1686	18	76	8
1687	18	77	3
1688	18	78	8
1689	18	79	4
1690	18	80	4
1691	18	81	8
1692	18	82	9
1693	18	83	4
1694	18	84	8
1695	18	85	4
1696	18	86	4
1697	18	87	5
1698	18	88	1
1699	18	89	4
1700	18	90	4
1701	18	91	8
1702	18	92	1
1703	18	93	4
1704	18	94	8
1705	18	95	3
1706	18	96	4
1707	18	97	8
1708	18	98	8
1709	18	99	8
1710	19	20	3
1711	19	21	4
1712	19	22	3
1713	19	23	4
1714	19	24	4
1715	19	25	4
1716	19	26	9
1717	19	27	6
1718	19	28	3
1719	19	29	4
1720	19	30	8
1721	19	31	5
1722	19	32	9
1723	19	33	4
1724	19	34	4
1725	19	35	4
1726	19	36	3
1727	19	37	6
1728	19	38	5
1729	19	39	9
1730	19	40	4
1731	19	41	4
1732	19	42	9
1733	19	43	8
1734	19	44	4
1735	19	45	5
1736	19	46	5
1737	19	47	5
1738	19	48	4
1739	19	49	6
1740	19	50	8
1741	19	51	5
1742	19	52	9
1743	19	53	8
1744	19	54	4
1745	19	55	8
1746	19	56	4
1747	19	57	4
1748	19	58	6
1749	19	59	4
1750	19	60	6
1751	19	61	5
1752	19	62	9
1753	19	63	3
1754	19	64	5
1755	19	65	4
1756	19	66	8
1757	19	67	4
1758	19	68	4
1759	19	69	5
1760	19	70	3
1761	19	71	4
1762	19	72	8
1763	19	73	6
1764	19	74	4
1765	19	75	5
1766	19	76	4
1767	19	77	4
1768	19	78	9
1769	19	79	6
1770	19	80	6
1771	19	81	9
1772	19	82	4
1773	19	83	5
1774	19	84	3
1775	19	85	1
1776	19	86	6
1777	19	87	4
1778	19	88	9
1779	19	89	1
1780	19	90	4
1781	19	91	4
1782	19	92	4
1783	19	93	4
1784	19	94	4
1785	19	95	4
1786	19	96	5
1787	19	97	3
1788	19	98	8
1789	19	99	8
1790	20	21	9
1791	20	22	5
1792	20	23	8
1793	20	24	1
1794	20	25	6
1795	20	26	9
1796	20	27	8
1797	20	28	5
1798	20	29	1
1799	20	30	2
1800	20	31	6
1801	20	32	0
1802	20	33	5
1803	20	34	7
1804	20	35	6
1805	20	36	5
1806	20	37	8
1807	20	38	2
1808	20	39	8
1809	20	40	8
1810	20	41	8
1811	20	42	3
1812	20	43	4
1813	20	44	8
1814	20	45	8
1815	20	46	8
1816	20	47	6
1817	20	48	3
1818	20	49	8
1819	20	50	3
1820	20	51	4
1821	20	52	8
1822	20	53	4
1823	20	54	9
1824	20	55	4
1825	20	56	9
1826	20	57	6
1827	20	58	8
1828	20	59	5
1829	20	60	8
1830	20	61	4
1831	20	62	2
1832	20	63	2
1833	20	64	1
1834	20	65	7
1835	20	66	4
1836	20	67	3
1837	20	68	9
1838	20	69	8
1839	20	70	4
1840	20	71	6
1841	20	72	2
1842	20	73	8
1843	20	74	3
1844	20	75	8
1845	20	76	5
1846	20	77	8
1847	20	78	2
1848	20	79	8
1849	20	80	8
1850	20	81	9
1851	20	82	8
1852	20	83	4
1853	20	84	2
1854	20	85	4
1855	20	86	4
1856	20	87	6
1857	20	88	4
1858	20	89	8
1859	20	90	8
1860	20	91	5
1861	20	92	2
1862	20	93	8
1863	20	94	5
1864	20	95	8
1865	20	96	8
1866	20	97	3
1867	20	98	2
1868	20	99	5
1869	21	22	6
1870	21	23	2
1871	21	24	4
1872	21	25	4
1873	21	26	9
1874	21	27	9
1875	21	28	6
1876	21	29	6
1877	21	30	8
1878	21	31	5
1879	21	32	9
1880	21	33	9
1881	21	34	6
1882	21	35	4
1883	21	36	8
1884	21	37	9
1885	21	38	5
1886	21	39	9
1887	21	40	4
1888	21	41	9
1889	21	42	9
1890	21	43	6
1891	21	44	4
1892	21	45	5
1893	21	46	5
1894	21	47	5
1895	21	48	4
1896	21	49	5
1897	21	50	6
1898	21	51	6
1899	21	52	9
1900	21	53	8
1901	21	54	4
1902	21	55	8
1903	21	56	9
1904	21	57	4
1905	21	58	5
1906	21	59	6
1907	21	60	5
1908	21	61	6
1909	21	62	9
1910	21	63	9
1911	21	64	6
1912	21	65	6
1913	21	66	6
1914	21	67	8
1915	21	68	9
1916	21	69	5
1917	21	70	6
1918	21	71	4
1919	21	72	8
1920	21	73	0
1921	21	74	4
1922	21	75	5
1923	21	76	4
1924	21	77	4
1925	21	78	9
1926	21	79	9
1927	21	80	9
1928	21	81	9
1929	21	82	9
1930	21	83	5
1931	21	84	8
1932	21	85	9
1933	21	86	0
1934	21	87	4
1935	21	88	9
1936	21	89	9
1937	21	90	4
1938	21	91	4
1939	21	92	5
1940	21	93	7
1941	21	94	4
1942	21	95	2
1943	21	96	5
1944	21	97	8
1945	21	98	8
1946	21	99	8
1947	22	23	1
1948	22	24	1
1949	22	25	5
1950	22	26	8
1951	22	27	4
1952	22	28	8
1953	22	29	8
1954	22	30	8
1955	22	31	1
1956	22	32	8
1957	22	33	5
1958	22	34	6
1959	22	35	1
1960	22	36	5
1961	22	37	1
1962	22	38	8
1963	22	39	1
1964	22	40	5
1965	22	41	5
1966	22	42	8
1967	22	43	8
1968	22	44	1
1969	22	45	0
1970	22	46	1
1971	22	47	0
1972	22	48	8
1973	22	49	4
1974	22	50	8
1975	22	51	0
1976	22	52	3
1977	22	53	8
1978	22	54	1
1979	22	55	8
1980	22	56	5
1981	22	57	5
1982	22	58	4
1983	22	59	8
1984	22	60	4
1985	22	61	0
1986	22	62	8
1987	22	63	5
1988	22	64	8
1989	22	65	6
1990	22	66	5
1991	22	67	8
1992	22	68	6
1993	22	69	1
1994	22	70	3
1995	22	71	5
1996	22	72	8
1997	22	73	5
1998	22	74	8
1999	22	75	1
2000	22	76	8
2001	22	77	1
2002	22	78	8
2003	22	79	1
2004	22	80	3
2005	22	81	8
2006	22	82	5
2007	22	83	4
2008	22	84	8
2009	22	85	4
2010	22	86	4
2011	22	87	8
2012	22	88	6
2013	22	89	1
2014	22	90	1
2015	22	91	3
2016	22	92	8
2017	22	93	5
2018	22	94	8
2019	22	95	1
2020	22	96	1
2021	22	97	3
2022	22	98	8
2023	22	99	8
2024	23	24	1
2025	23	25	8
2026	23	26	9
2027	23	27	8
2028	23	28	1
2029	23	29	2
2030	23	30	1
2031	23	31	1
2032	23	32	2
2033	23	33	7
2034	23	34	2
2035	23	35	8
2036	23	36	5
2037	23	37	8
2038	23	38	5
2039	23	39	8
2040	23	40	8
2041	23	41	8
2042	23	42	1
2043	23	43	6
2044	23	44	1
2045	23	45	2
2046	23	46	8
2047	23	47	8
2048	23	48	1
2049	23	49	8
2050	23	50	1
2051	23	51	1
2052	23	52	8
2053	23	53	5
2054	23	54	1
2055	23	55	5
2056	23	56	4
2057	23	57	8
2058	23	58	8
2059	23	59	7
2060	23	60	8
2061	23	61	1
2062	23	62	9
2063	23	63	8
2064	23	64	1
2065	23	65	2
2066	23	66	7
2067	23	67	1
2068	23	68	2
2069	23	69	8
2070	23	70	1
2071	23	71	4
2072	23	72	1
2073	23	73	8
2074	23	74	4
2075	23	75	8
2076	23	76	4
2077	23	77	8
2078	23	78	9
2079	23	79	8
2080	23	80	8
2081	23	81	9
2082	23	82	8
2083	23	83	8
2084	23	84	0
2085	23	85	8
2086	23	86	8
2087	23	87	5
2088	23	88	9
2089	23	89	8
2090	23	90	8
2091	23	91	1
2092	23	92	5
2093	23	93	8
2094	23	94	4
2095	23	95	8
2096	23	96	8
2097	23	97	1
2098	23	98	1
2099	23	99	4
2100	24	25	4
2101	24	26	5
2102	24	27	5
2103	24	28	1
2104	24	29	4
2105	24	30	4
2106	24	31	1
2107	24	32	5
2108	24	33	9
2109	24	34	2
2110	24	35	4
2111	24	36	3
2112	24	37	1
2113	24	38	5
2114	24	39	1
2115	24	40	4
2116	24	41	8
2117	24	42	1
2118	24	43	8
2119	24	44	1
2120	24	45	5
2121	24	46	1
2122	24	47	5
2123	24	48	4
2124	24	49	5
2125	24	50	1
2126	24	51	1
2127	24	52	1
2128	24	53	5
2129	24	54	4
2130	24	55	5
2131	24	56	4
2132	24	57	4
2133	24	58	8
2134	24	59	4
2135	24	60	8
2136	24	61	1
2137	24	62	9
2138	24	63	3
2139	24	64	1
2140	24	65	2
2141	24	66	6
2142	24	67	4
2143	24	68	4
2144	24	69	5
2145	24	70	1
2146	24	71	4
2147	24	72	8
2148	24	73	8
2149	24	74	4
2150	24	75	1
2151	24	76	4
2152	24	77	4
2153	24	78	4
2154	24	79	5
2155	24	80	1
2156	24	81	5
2157	24	82	4
2158	24	83	5
2159	24	84	4
2160	24	85	1
2161	24	86	8
2162	24	87	4
2163	24	88	9
2164	24	89	1
2165	24	90	1
2166	24	91	4
2167	24	92	4
2168	24	93	0
2169	24	94	4
2170	24	95	2
2171	24	96	1
2172	24	97	1
2173	24	98	6
2174	24	99	4
2175	25	26	1
2176	25	27	8
2177	25	28	4
2178	25	29	4
2179	25	30	4
2180	25	31	6
2181	25	32	4
2182	25	33	4
2183	25	34	4
2184	25	35	4
2185	25	36	1
2186	25	37	8
2187	25	38	7
2188	25	39	8
2189	25	40	6
2190	25	41	8
2191	25	42	4
2192	25	43	1
2193	25	44	6
2194	25	45	4
2195	25	46	6
2196	25	47	6
2197	25	48	4
2198	25	49	6
2199	25	50	4
2200	25	51	3
2201	25	52	6
2202	25	53	1
2203	25	54	4
2204	25	55	7
2205	25	56	4
2206	25	57	4
2207	25	58	6
2208	25	59	4
2209	25	60	6
2210	25	61	3
2211	25	62	1
2212	25	63	6
2213	25	64	4
2214	25	65	4
2215	25	66	1
2216	25	67	4
2217	25	68	4
2218	25	69	6
2219	25	70	6
2220	25	71	6
2221	25	72	1
2222	25	73	6
2223	25	74	4
2224	25	75	8
2225	25	76	4
2226	25	77	6
2227	25	78	4
2228	25	79	6
2229	25	80	6
2230	25	81	4
2231	25	82	8
2232	25	83	8
2233	25	84	4
2234	25	85	8
2235	25	86	6
2236	25	87	4
2237	25	88	1
2238	25	89	8
2239	25	90	8
2240	25	91	4
2241	25	92	1
2242	25	93	8
2243	25	94	4
2244	25	95	8
2245	25	96	8
2246	25	97	7
2247	25	98	4
2248	25	99	4
2249	26	27	3
2250	26	28	6
2251	26	29	1
2252	26	30	8
2253	26	31	5
2254	26	32	9
2255	26	33	9
2256	26	34	9
2257	26	35	1
2258	26	36	1
2259	26	37	9
2260	26	38	5
2261	26	39	9
2262	26	40	1
2263	26	41	1
2264	26	42	9
2265	26	43	1
2266	26	44	9
2267	26	45	5
2268	26	46	5
2269	26	47	5
2270	26	48	8
2271	26	49	3
2272	26	50	8
2273	26	51	5
2274	26	52	9
2275	26	53	1
2276	26	54	9
2277	26	55	5
2278	26	56	9
2279	26	57	1
2280	26	58	1
2281	26	59	1
2282	26	60	1
2283	26	61	5
2284	26	62	9
2285	26	63	9
2286	26	64	5
2287	26	65	3
2288	26	66	1
2289	26	67	8
2290	26	68	9
2291	26	69	5
2292	26	70	4
2293	26	71	1
2294	26	72	1
2295	26	73	1
2296	26	74	8
2297	26	75	5
2298	26	76	9
2299	26	77	5
2300	26	78	9
2301	26	79	9
2302	26	80	8
2303	26	81	9
2304	26	82	9
2305	26	83	5
2306	26	84	8
2307	26	85	9
2308	26	86	1
2309	26	87	5
2310	26	88	9
2311	26	89	9
2312	26	90	9
2313	26	91	9
2314	26	92	1
2315	26	93	9
2316	26	94	8
2317	26	95	5
2318	26	96	5
2319	26	97	5
2320	26	98	8
2321	26	99	8
2322	27	28	7
2323	27	29	3
2324	27	30	5
2325	27	31	6
2326	27	32	3
2327	27	33	7
2328	27	34	7
2329	27	35	3
2330	27	36	0
2331	27	37	8
2332	27	38	5
2333	27	39	8
2334	27	40	8
2335	27	41	8
2336	27	42	9
2337	27	43	3
2338	27	44	8
2339	27	45	3
2340	27	46	8
2341	27	47	6
2342	27	48	5
2343	27	49	8
2344	27	50	1
2345	27	51	5
2346	27	52	8
2347	27	53	3
2348	27	54	9
2349	27	55	5
2350	27	56	9
2351	27	57	6
2352	27	58	8
2353	27	59	1
2354	27	60	8
2355	27	61	4
2356	27	62	9
2357	27	63	8
2358	27	64	5
2359	27	65	3
2360	27	66	3
2361	27	67	9
2362	27	68	9
2363	27	69	8
2364	27	70	4
2365	27	71	6
2366	27	72	1
2367	27	73	8
2368	27	74	4
2369	27	75	8
2370	27	76	4
2371	27	77	8
2372	27	78	9
2373	27	79	8
2374	27	80	8
2375	27	81	9
2376	27	82	8
2377	27	83	3
2378	27	84	0
2379	27	85	8
2380	27	86	8
2381	27	87	5
2382	27	88	3
2383	27	89	8
2384	27	90	8
2385	27	91	0
2386	27	92	1
2387	27	93	8
2388	27	94	6
2389	27	95	8
2390	27	96	8
2391	27	97	5
2392	27	98	5
2393	27	99	1
2394	28	29	8
2395	28	30	8
2396	28	31	1
2397	28	32	8
2398	28	33	5
2399	28	34	6
2400	28	35	0
2401	28	36	5
2402	28	37	7
2403	28	38	8
2404	28	39	1
2405	28	40	5
2406	28	41	7
2407	28	42	3
2408	28	43	8
2409	28	44	3
2410	28	45	6
2411	28	46	3
2412	28	47	8
2413	28	48	8
2414	28	49	0
2415	28	50	8
2416	28	51	6
2417	28	52	3
2418	28	53	8
2419	28	54	6
2420	28	55	8
2421	28	56	7
2422	28	57	5
2423	28	58	4
2424	28	59	8
2425	28	60	4
2426	28	61	6
2427	28	62	8
2428	28	63	5
2429	28	64	6
2430	28	65	6
2431	28	66	6
2432	28	67	8
2433	28	68	6
2434	28	69	1
2435	28	70	3
2436	28	71	4
2437	28	72	8
2438	28	73	5
2439	28	74	8
2440	28	75	1
2441	28	76	8
2442	28	77	4
2443	28	78	8
2444	28	79	0
2445	28	80	3
2446	28	81	8
2447	28	82	7
2448	28	83	6
2449	28	84	8
2450	28	85	1
2451	28	86	5
2452	28	87	8
2453	28	88	6
2454	28	89	1
2455	28	90	1
2456	28	91	3
2457	28	92	8
2458	28	93	5
2459	28	94	8
2460	28	95	1
2461	28	96	1
2462	28	97	3
2463	28	98	8
2464	28	99	8
2465	29	30	8
2466	29	31	5
2467	29	32	8
2468	29	33	6
2469	29	34	6
2470	29	35	1
2471	29	36	8
2472	29	37	3
2473	29	38	8
2474	29	39	3
2475	29	40	1
2476	29	41	3
2477	29	42	8
2478	29	43	8
2479	29	44	4
2480	29	45	3
2481	29	46	5
2482	29	47	1
2483	29	48	8
2484	29	49	3
2485	29	50	8
2486	29	51	8
2487	29	52	9
2488	29	53	1
2489	29	54	4
2490	29	55	8
2491	29	56	4
2492	29	57	1
2493	29	58	1
2494	29	59	8
2495	29	60	1
2496	29	61	6
2497	29	62	8
2498	29	63	1
2499	29	64	8
2500	29	65	3
2501	29	66	1
2502	29	67	8
2503	29	68	4
2504	29	69	3
2505	29	70	8
2506	29	71	4
2507	29	72	8
2508	29	73	1
2509	29	74	8
2510	29	75	3
2511	29	76	8
2512	29	77	4
2513	29	78	8
2514	29	79	3
2515	29	80	1
2516	29	81	8
2517	29	82	4
2518	29	83	3
2519	29	84	8
2520	29	85	4
2521	29	86	1
2522	29	87	4
2523	29	88	3
2524	29	89	4
2525	29	90	4
2526	29	91	8
2527	29	92	1
2528	29	93	1
2529	29	94	8
2530	29	95	3
2531	29	96	3
2532	29	97	8
2533	29	98	8
2534	29	99	8
2535	30	31	7
2536	30	32	8
2537	30	33	8
2538	30	34	8
2539	30	35	1
2540	30	36	8
2541	30	37	9
2542	30	38	8
2543	30	39	5
2544	30	40	7
2545	30	41	1
2546	30	42	8
2547	30	43	8
2548	30	44	3
2549	30	45	8
2550	30	46	7
2551	30	47	7
2552	30	48	8
2553	30	49	9
2554	30	50	8
2555	30	51	8
2556	30	52	3
2557	30	53	8
2558	30	54	8
2559	30	55	8
2560	30	56	4
2561	30	57	4
2562	30	58	9
2563	30	59	8
2564	30	60	9
2565	30	61	8
2566	30	62	8
2567	30	63	2
2568	30	64	8
2569	30	65	8
2570	30	66	8
2571	30	67	8
2572	30	68	8
2573	30	69	7
2574	30	70	9
2575	30	71	7
2576	30	72	8
2577	30	73	9
2578	30	74	8
2579	30	75	5
2580	30	76	8
2581	30	77	4
2582	30	78	8
2583	30	79	7
2584	30	80	9
2585	30	81	8
2586	30	82	4
2587	30	83	9
2588	30	84	8
2589	30	85	4
2590	30	86	9
2591	30	87	8
2592	30	88	8
2593	30	89	1
2594	30	90	1
2595	30	91	8
2596	30	92	8
2597	30	93	0
2598	30	94	8
2599	30	95	5
2600	30	96	5
2601	30	97	8
2602	30	98	8
2603	30	99	8
2604	31	32	0
2605	31	33	9
2606	31	34	1
2607	31	35	6
2608	31	36	3
2609	31	37	6
2610	31	38	5
2611	31	39	5
2612	31	40	6
2613	31	41	8
2614	31	42	1
2615	31	43	5
2616	31	44	1
2617	31	45	5
2618	31	46	5
2619	31	47	5
2620	31	48	7
2621	31	49	6
2622	31	50	1
2623	31	51	5
2624	31	52	6
2625	31	53	5
2626	31	54	1
2627	31	55	7
2628	31	56	4
2629	31	57	6
2630	31	58	6
2631	31	59	8
2632	31	60	6
2633	31	61	5
2634	31	62	5
2635	31	63	3
2636	31	64	1
2637	31	65	0
2638	31	66	0
2639	31	67	7
2640	31	68	5
2641	31	69	5
2642	31	70	1
2643	31	71	6
2644	31	72	7
2645	31	73	6
2646	31	74	7
2647	31	75	5
2648	31	76	0
2649	31	77	6
2650	31	78	5
2651	31	79	6
2652	31	80	6
2653	31	81	5
2654	31	82	1
2655	31	83	5
2656	31	84	3
2657	31	85	1
2658	31	86	6
2659	31	87	5
2660	31	88	5
2661	31	89	1
2662	31	90	1
2663	31	91	1
2664	31	92	7
2665	31	93	8
2666	31	94	7
2667	31	95	5
2668	31	96	5
2669	31	97	1
2670	31	98	7
2671	31	99	8
2672	32	33	6
2673	32	34	6
2674	32	35	3
2675	32	36	8
2676	32	37	2
2677	32	38	8
2678	32	39	9
2679	32	40	3
2680	32	41	3
2681	32	42	8
2682	32	43	8
2683	32	44	0
2684	32	45	0
2685	32	46	5
2686	32	47	5
2687	32	48	8
2688	32	49	3
2689	32	50	8
2690	32	51	0
2691	32	52	9
2692	32	53	8
2693	32	54	9
2694	32	55	8
2695	32	56	9
2696	32	57	4
2697	32	58	3
2698	32	59	8
2699	32	60	0
2700	32	61	0
2701	32	62	8
2702	32	63	0
2703	32	64	8
2704	32	65	6
2705	32	66	6
2706	32	67	8
2707	32	68	9
2708	32	69	5
2709	32	70	0
2710	32	71	4
2711	32	72	8
2712	32	73	9
2713	32	74	8
2714	32	75	5
2715	32	76	8
2716	32	77	2
2717	32	78	8
2718	32	79	9
2719	32	80	0
2720	32	81	8
2721	32	82	9
2722	32	83	5
2723	32	84	8
2724	32	85	0
2725	32	86	4
2726	32	87	8
2727	32	88	9
2728	32	89	9
2729	32	90	0
2730	32	91	8
2731	32	92	8
2732	32	93	9
2733	32	94	8
2734	32	95	2
2735	32	96	5
2736	32	97	8
2737	32	98	8
2738	32	99	8
2739	33	34	6
2740	33	35	1
2741	33	36	5
2742	33	37	7
2743	33	38	8
2744	33	39	9
2745	33	40	4
2746	33	41	9
2747	33	42	9
2748	33	43	6
2749	33	44	5
2750	33	45	9
2751	33	46	3
2752	33	47	1
2753	33	48	8
2754	33	49	1
2755	33	50	6
2756	33	51	6
2757	33	52	9
2758	33	53	8
2759	33	54	9
2760	33	55	8
2761	33	56	9
2762	33	57	5
2763	33	58	1
2764	33	59	5
2765	33	60	5
2766	33	61	6
2767	33	62	9
2768	33	63	5
2769	33	64	6
2770	33	65	6
2771	33	66	5
2772	33	67	8
2773	33	68	9
2774	33	69	8
2775	33	70	6
2776	33	71	4
2777	33	72	5
2778	33	73	5
2779	33	74	8
2780	33	75	7
2781	33	76	9
2782	33	77	4
2783	33	78	9
2784	33	79	9
2785	33	80	5
2786	33	81	9
2787	33	82	9
2788	33	83	3
2789	33	84	5
2790	33	85	9
2791	33	86	5
2792	33	87	9
2793	33	88	9
2794	33	89	7
2795	33	90	7
2796	33	91	5
2797	33	92	1
2798	33	93	7
2799	33	94	5
2800	33	95	7
2801	33	96	7
2802	33	97	3
2803	33	98	8
2804	33	99	5
2805	34	35	3
2806	34	36	6
2807	34	37	7
2808	34	38	5
2809	34	39	9
2810	34	40	4
2811	34	41	9
2812	34	42	9
2813	34	43	6
2814	34	44	1
2815	34	45	2
2816	34	46	1
2817	34	47	5
2818	34	48	8
2819	34	49	3
2820	34	50	6
2821	34	51	6
2822	34	52	9
2823	34	53	6
2824	34	54	9
2825	34	55	8
2826	34	56	9
2827	34	57	4
2828	34	58	3
2829	34	59	6
2830	34	60	8
2831	34	61	6
2832	34	62	6
2833	34	63	9
2834	34	64	6
2835	34	65	6
2836	34	66	6
2837	34	67	6
2838	34	68	9
2839	34	69	2
2840	34	70	1
2841	34	71	4
2842	34	72	8
2843	34	73	7
2844	34	74	4
2845	34	75	2
2846	34	76	9
2847	34	77	2
2848	34	78	9
2849	34	79	9
2850	34	80	1
2851	34	81	6
2852	34	82	9
2853	34	83	5
2854	34	84	8
2855	34	85	1
2856	34	86	7
2857	34	87	9
2858	34	88	9
2859	34	89	1
2860	34	90	1
2861	34	91	6
2862	34	92	8
2863	34	93	7
2864	34	94	8
2865	34	95	2
2866	34	96	2
2867	34	97	1
2868	34	98	6
2869	34	99	6
2870	35	36	1
2871	35	37	8
2872	35	38	1
2873	35	39	3
2874	35	40	4
2875	35	41	3
2876	35	42	9
2877	35	43	1
2878	35	44	4
2879	35	45	3
2880	35	46	0
2881	35	47	3
2882	35	48	4
2883	35	49	3
2884	35	50	8
2885	35	51	3
2886	35	52	6
2887	35	53	1
2888	35	54	4
2889	35	55	1
2890	35	56	4
2891	35	57	4
2892	35	58	1
2893	35	59	1
2894	35	60	6
2895	35	61	3
2896	35	62	1
2897	35	63	1
2898	35	64	4
2899	35	65	3
2900	35	66	1
2901	35	67	8
2902	35	68	4
2903	35	69	6
2904	35	70	2
2905	35	71	4
2906	35	72	1
2907	35	73	0
2908	35	74	4
2909	35	75	3
2910	35	76	4
2911	35	77	6
2912	35	78	1
2913	35	79	6
2914	35	80	6
2915	35	81	1
2916	35	82	4
2917	35	83	3
2918	35	84	1
2919	35	85	8
2920	35	86	1
2921	35	87	4
2922	35	88	1
2923	35	89	8
2924	35	90	8
2925	35	91	4
2926	35	92	1
2927	35	93	0
2928	35	94	4
2929	35	95	3
2930	35	96	3
2931	35	97	7
2932	35	98	1
2933	35	99	1
2934	36	37	5
2935	36	38	2
2936	36	39	9
2937	36	40	6
2938	36	41	1
2939	36	42	3
2940	36	43	8
2941	36	44	3
2942	36	45	8
2943	36	46	3
2944	36	47	1
2945	36	48	8
2946	36	49	1
2947	36	50	8
2948	36	51	4
2949	36	52	3
2950	36	53	1
2951	36	54	3
2952	36	55	8
2953	36	56	5
2954	36	57	5
2955	36	58	4
2956	36	59	5
2957	36	60	4
2958	36	61	4
2959	36	62	2
2960	36	63	5
2961	36	64	8
2962	36	65	5
2963	36	66	5
2964	36	67	3
2965	36	68	0
2966	36	69	6
2967	36	70	2
2968	36	71	9
2969	36	72	2
2970	36	73	5
2971	36	74	3
2972	36	75	8
2973	36	76	8
2974	36	77	6
2975	36	78	8
2976	36	79	0
2977	36	80	5
2978	36	81	8
2979	36	82	5
2980	36	83	4
2981	36	84	2
2982	36	85	4
2983	36	86	2
2984	36	87	8
2985	36	88	1
2986	36	89	5
2987	36	90	5
2988	36	91	5
2989	36	92	1
2990	36	93	5
2991	36	94	3
2992	36	95	5
2993	36	96	4
2994	36	97	3
2995	36	98	8
2996	36	99	5
2997	37	38	5
2998	37	39	8
2999	37	40	8
3000	37	41	8
3001	37	42	1
3002	37	43	4
3003	37	44	8
3004	37	45	2
3005	37	46	8
3006	37	47	8
3007	37	48	1
3008	37	49	8
3009	37	50	1
3010	37	51	4
3011	37	52	8
3012	37	53	3
3013	37	54	1
3014	37	55	4
3015	37	56	8
3016	37	57	8
3017	37	58	8
3018	37	59	5
3019	37	60	8
3020	37	61	4
3021	37	62	9
3022	37	63	8
3023	37	64	1
3024	37	65	2
3025	37	66	4
3026	37	67	1
3027	37	68	2
3028	37	69	8
3029	37	70	4
3030	37	71	6
3031	37	72	4
3032	37	73	8
3033	37	74	1
3034	37	75	8
3035	37	76	2
3036	37	77	8
3037	37	78	9
3038	37	79	8
3039	37	80	8
3040	37	81	9
3041	37	82	8
3042	37	83	8
3043	37	84	0
3044	37	85	8
3045	37	86	8
3046	37	87	5
3047	37	88	3
3048	37	89	8
3049	37	90	8
3050	37	91	1
3051	37	92	6
3052	37	93	8
3053	37	94	9
3054	37	95	8
3055	37	96	8
3056	37	97	1
3057	37	98	9
3058	37	99	5
3059	38	39	5
3060	38	40	7
3061	38	41	1
3062	38	42	8
3063	38	43	8
3064	38	44	7
3065	38	45	5
3066	38	46	5
3067	38	47	5
3068	38	48	8
3069	38	49	5
3070	38	50	8
3071	38	51	5
3072	38	52	5
3073	38	53	8
3074	38	54	5
3075	38	55	8
3076	38	56	9
3077	38	57	1
3078	38	58	1
3079	38	59	8
3080	38	60	7
3081	38	61	5
3082	38	62	8
3083	38	63	2
3084	38	64	5
3085	38	65	8
3086	38	66	1
3087	38	67	8
3088	38	68	5
3089	38	69	5
3090	38	70	2
3091	38	71	7
3092	38	72	8
3093	38	73	1
3094	38	74	8
3095	38	75	5
3096	38	76	8
3097	38	77	5
3098	38	78	8
3099	38	79	5
3100	38	80	6
3101	38	81	8
3102	38	82	9
3103	38	83	5
3104	38	84	8
3105	38	85	4
3106	38	86	1
3107	38	87	5
3108	38	88	5
3109	38	89	5
3110	38	90	5
3111	38	91	8
3112	38	92	7
3113	38	93	1
3114	38	94	8
3115	38	95	5
3116	38	96	5
3117	38	97	8
3118	38	98	8
3119	38	99	8
3120	39	40	8
3121	39	41	8
3122	39	42	9
3123	39	43	9
3124	39	44	8
3125	39	45	2
3126	39	46	8
3127	39	47	5
3128	39	48	1
3129	39	49	8
3130	39	50	1
3131	39	51	5
3132	39	52	9
3133	39	53	5
3134	39	54	9
3135	39	55	5
3136	39	56	9
3137	39	57	8
3138	39	58	8
3139	39	59	9
3140	39	60	8
3141	39	61	5
3142	39	62	9
3143	39	63	9
3144	39	64	1
3145	39	65	2
3146	39	66	3
3147	39	67	1
3148	39	68	9
3149	39	69	8
3150	39	70	1
3151	39	71	4
3152	39	72	9
3153	39	73	8
3154	39	74	4
3155	39	75	8
3156	39	76	9
3157	39	77	8
3158	39	78	9
3159	39	79	8
3160	39	80	8
3161	39	81	9
3162	39	82	8
3163	39	83	5
3164	39	84	9
3165	39	85	8
3166	39	86	8
3167	39	87	5
3168	39	88	9
3169	39	89	8
3170	39	90	8
3171	39	91	1
3172	39	92	5
3173	39	93	8
3174	39	94	4
3175	39	95	8
3176	39	96	8
3177	39	97	1
3178	39	98	5
3179	39	99	9
3180	40	41	8
3181	40	42	4
3182	40	43	1
3183	40	44	6
3184	40	45	3
3185	40	46	8
3186	40	47	6
3187	40	48	4
3188	40	49	8
3189	40	50	4
3190	40	51	5
3191	40	52	8
3192	40	53	1
3193	40	54	4
3194	40	55	7
3195	40	56	4
3196	40	57	6
3197	40	58	8
3198	40	59	1
3199	40	60	8
3200	40	61	5
3201	40	62	9
3202	40	63	6
3203	40	64	4
3204	40	65	3
3205	40	66	1
3206	40	67	4
3207	40	68	4
3208	40	69	8
3209	40	70	6
3210	40	71	6
3211	40	72	1
3212	40	73	8
3213	40	74	4
3214	40	75	8
3215	40	76	4
3216	40	77	8
3217	40	78	4
3218	40	79	8
3219	40	80	8
3220	40	81	5
3221	40	82	8
3222	40	83	3
3223	40	84	0
3224	40	85	8
3225	40	86	8
3226	40	87	4
3227	40	88	3
3228	40	89	8
3229	40	90	8
3230	40	91	4
3231	40	92	1
3232	40	93	8
3233	40	94	4
3234	40	95	8
3235	40	96	8
3236	40	97	6
3237	40	98	7
3238	40	99	1
3239	41	42	9
3240	41	43	1
3241	41	44	8
3242	41	45	3
3243	41	46	8
3244	41	47	3
3245	41	48	4
3246	41	49	8
3247	41	50	7
3248	41	51	3
3249	41	52	8
3250	41	53	1
3251	41	54	9
3252	41	55	1
3253	41	56	9
3254	41	57	6
3255	41	58	8
3256	41	59	1
3257	41	60	8
3258	41	61	4
3259	41	62	9
3260	41	63	8
3261	41	64	5
3262	41	65	3
3263	41	66	3
3264	41	67	1
3265	41	68	9
3266	41	69	8
3267	41	70	4
3268	41	71	6
3269	41	72	1
3270	41	73	8
3271	41	74	4
3272	41	75	8
3273	41	76	4
3274	41	77	8
3275	41	78	9
3276	41	79	8
3277	41	80	8
3278	41	81	9
3279	41	82	8
3280	41	83	3
3281	41	84	0
3282	41	85	8
3283	41	86	8
3284	41	87	3
3285	41	88	3
3286	41	89	8
3287	41	90	8
3288	41	91	4
3289	41	92	1
3290	41	93	8
3291	41	94	6
3292	41	95	8
3293	41	96	8
3294	41	97	6
3295	41	98	1
3296	41	99	1
3297	42	43	8
3298	42	44	3
3299	42	45	9
3300	42	46	3
3301	42	47	5
3302	42	48	8
3303	42	49	9
3304	42	50	8
3305	42	51	8
3306	42	52	9
3307	42	53	8
3308	42	54	9
3309	42	55	8
3310	42	56	9
3311	42	57	4
3312	42	58	2
3313	42	59	8
3314	42	60	2
3315	42	61	1
3316	42	62	8
3317	42	63	3
3318	42	64	1
3319	42	65	8
3320	42	66	8
3321	42	67	8
3322	42	68	9
3323	42	69	1
3324	42	70	3
3325	42	71	4
3326	42	72	8
3327	42	73	3
3328	42	74	8
3329	42	75	1
3330	42	76	8
3331	42	77	1
3332	42	78	8
3333	42	79	3
3334	42	80	3
3335	42	81	9
3336	42	82	9
3337	42	83	5
3338	42	84	3
3339	42	85	3
3340	42	86	2
3341	42	87	8
3342	42	88	9
3343	42	89	1
3344	42	90	1
3345	42	91	3
3346	42	92	8
3347	42	93	9
3348	42	94	8
3349	42	95	1
3350	42	96	1
3351	42	97	3
3352	42	98	8
3353	42	99	8
3354	43	44	8
3355	43	45	6
3356	43	46	5
3357	43	47	1
3358	43	48	8
3359	43	49	1
3360	43	50	8
3361	43	51	6
3362	43	52	9
3363	43	53	8
3364	43	54	8
3365	43	55	8
3366	43	56	8
3367	43	57	1
3368	43	58	1
3369	43	59	8
3370	43	60	4
3371	43	61	6
3372	43	62	8
3373	43	63	2
3374	43	64	8
3375	43	65	6
3376	43	66	6
3377	43	67	8
3378	43	68	6
3379	43	69	5
3380	43	70	4
3381	43	71	8
3382	43	72	8
3383	43	73	1
3384	43	74	8
3385	43	75	5
3386	43	76	8
3387	43	77	4
3388	43	78	8
3389	43	79	1
3390	43	80	2
3391	43	81	8
3392	43	82	9
3393	43	83	1
3394	43	84	8
3395	43	85	4
3396	43	86	4
3397	43	87	8
3398	43	88	6
3399	43	89	6
3400	43	90	0
3401	43	91	8
3402	43	92	1
3403	43	93	1
3404	43	94	8
3405	43	95	6
3406	43	96	5
3407	43	97	8
3408	43	98	8
3409	43	99	8
3410	44	45	1
3411	44	46	1
3412	44	47	6
3413	44	48	4
3414	44	49	8
3415	44	50	1
3416	44	51	1
3417	44	52	8
3418	44	53	7
3419	44	54	4
3420	44	55	7
3421	44	56	4
3422	44	57	4
3423	44	58	8
3424	44	59	5
3425	44	60	6
3426	44	61	1
3427	44	62	3
3428	44	63	3
3429	44	64	1
3430	44	65	4
3431	44	66	5
3432	44	67	3
3433	44	68	4
3434	44	69	6
3435	44	70	1
3436	44	71	6
3437	44	72	3
3438	44	73	8
3439	44	74	4
3440	44	75	1
3441	44	76	4
3442	44	77	6
3443	44	78	4
3444	44	79	6
3445	44	80	6
3446	44	81	1
3447	44	82	8
3448	44	83	6
3449	44	84	3
3450	44	85	8
3451	44	86	6
3452	44	87	4
3453	44	88	9
3454	44	89	1
3455	44	90	1
3456	44	91	4
3457	44	92	6
3458	44	93	8
3459	44	94	4
3460	44	95	1
3461	44	96	8
3462	44	97	1
3463	44	98	3
3464	44	99	3
3465	45	46	5
3466	45	47	5
3467	45	48	5
3468	45	49	3
3469	45	50	0
3470	45	51	0
3471	45	52	9
3472	45	53	3
3473	45	54	2
3474	45	55	5
3475	45	56	9
3476	45	57	4
3477	45	58	3
3478	45	59	6
3479	45	60	5
3480	45	61	0
3481	45	62	6
3482	45	63	0
3483	45	64	5
3484	45	65	2
3485	45	66	3
3486	45	67	8
3487	45	68	2
3488	45	69	5
3489	45	70	0
3490	45	71	4
3491	45	72	8
3492	45	73	8
3493	45	74	4
3494	45	75	5
3495	45	76	0
3496	45	77	2
3497	45	78	9
3498	45	79	5
3499	45	80	8
3500	45	81	5
3501	45	82	2
3502	45	83	5
3503	45	84	8
3504	45	85	0
3505	45	86	3
3506	45	87	5
3507	45	88	5
3508	45	89	2
3509	45	90	2
3510	45	91	4
3511	45	92	5
3512	45	93	3
3513	45	94	8
3514	45	95	2
3515	45	96	5
3516	45	97	5
3517	45	98	0
3518	45	99	8
3519	46	47	5
3520	46	48	1
3521	46	49	8
3522	46	50	1
3523	46	51	5
3524	46	52	8
3525	46	53	5
3526	46	54	1
3527	46	55	5
3528	46	56	0
3529	46	57	0
3530	46	58	8
3531	46	59	0
3532	46	60	8
3533	46	61	5
3534	46	62	3
3535	46	63	3
3536	46	64	1
3537	46	65	5
3538	46	66	4
3539	46	67	3
3540	46	68	5
3541	46	69	6
3542	46	70	1
3543	46	71	6
3544	46	72	3
3545	46	73	8
3546	46	74	3
3547	46	75	8
3548	46	76	4
3549	46	77	8
3550	46	78	5
3551	46	79	6
3552	46	80	8
3553	46	81	5
3554	46	82	8
3555	46	83	5
3556	46	84	3
3557	46	85	8
3558	46	86	8
3559	46	87	5
3560	46	88	5
3561	46	89	8
3562	46	90	8
3563	46	91	1
3564	46	92	5
3565	46	93	8
3566	46	94	7
3567	46	95	8
3568	46	96	8
3569	46	97	1
3570	46	98	7
3571	46	99	3
3572	47	48	7
3573	47	49	3
3574	47	50	5
3575	47	51	5
3576	47	52	6
3577	47	53	1
3578	47	54	5
3579	47	55	7
3580	47	56	4
3581	47	57	6
3582	47	58	6
3583	47	59	1
3584	47	60	6
3585	47	61	5
3586	47	62	1
3587	47	63	6
3588	47	64	5
3589	47	65	3
3590	47	66	1
3591	47	67	7
3592	47	68	5
3593	47	69	6
3594	47	70	7
3595	47	71	6
3596	47	72	1
3597	47	73	6
3598	47	74	7
3599	47	75	5
3600	47	76	4
3601	47	77	6
3602	47	78	1
3603	47	79	6
3604	47	80	6
3605	47	81	5
3606	47	82	8
3607	47	83	5
3608	47	84	1
3609	47	85	8
3610	47	86	6
3611	47	87	5
3612	47	88	5
3613	47	89	8
3614	47	90	8
3615	47	91	4
3616	47	92	1
3617	47	93	8
3618	47	94	7
3619	47	95	5
3620	47	96	5
3621	47	97	7
3622	47	98	7
3623	47	99	1
3624	48	49	5
3625	48	50	8
3626	48	51	8
3627	48	52	3
3628	48	53	8
3629	48	54	4
3630	48	55	8
3631	48	56	4
3632	48	57	4
3633	48	58	7
3634	48	59	8
3635	48	60	7
3636	48	61	8
3637	48	62	8
3638	48	63	3
3639	48	64	8
3640	48	65	8
3641	48	66	8
3642	48	67	8
3643	48	68	4
3644	48	69	5
3645	48	70	3
3646	48	71	4
3647	48	72	8
3648	48	73	0
3649	48	74	8
3650	48	75	1
3651	48	76	8
3652	48	77	4
3653	48	78	8
3654	48	79	4
3655	48	80	3
3656	48	81	8
3657	48	82	4
3658	48	83	5
3659	48	84	8
3660	48	85	1
3661	48	86	9
3662	48	87	4
3663	48	88	5
3664	48	89	1
3665	48	90	1
3666	48	91	4
3667	48	92	8
3668	48	93	0
3669	48	94	8
3670	48	95	1
3671	48	96	5
3672	48	97	7
3673	48	98	8
3674	48	99	8
3675	49	50	5
3676	49	51	5
3677	49	52	8
3678	49	53	3
3679	49	54	5
3680	49	55	5
3681	49	56	0
3682	49	57	6
3683	49	58	8
3684	49	59	1
3685	49	60	8
3686	49	61	4
3687	49	62	1
3688	49	63	8
3689	49	64	5
3690	49	65	3
3691	49	66	3
3692	49	67	9
3693	49	68	5
3694	49	69	8
3695	49	70	4
3696	49	71	6
3697	49	72	1
3698	49	73	8
3699	49	74	4
3700	49	75	8
3701	49	76	4
3702	49	77	8
3703	49	78	1
3704	49	79	8
3705	49	80	8
3706	49	81	5
3707	49	82	8
3708	49	83	3
3709	49	84	0
3710	49	85	8
3711	49	86	8
3712	49	87	5
3713	49	88	3
3714	49	89	8
3715	49	90	8
3716	49	91	0
3717	49	92	1
3718	49	93	8
3719	49	94	9
3720	49	95	8
3721	49	96	8
3722	49	97	5
3723	49	98	9
3724	49	99	1
3725	50	51	6
3726	50	52	1
3727	50	53	8
3728	50	54	1
3729	50	55	8
3730	50	56	3
3731	50	57	4
3732	50	58	4
3733	50	59	8
3734	50	60	4
3735	50	61	6
3736	50	62	8
3737	50	63	3
3738	50	64	1
3739	50	65	6
3740	50	66	8
3741	50	67	8
3742	50	68	6
3743	50	69	1
3744	50	70	1
3745	50	71	8
3746	50	72	8
3747	50	73	5
3748	50	74	8
3749	50	75	1
3750	50	76	8
3751	50	77	1
3752	50	78	8
3753	50	79	1
3754	50	80	1
3755	50	81	8
3756	50	82	1
3757	50	83	5
3758	50	84	8
3759	50	85	1
3760	50	86	4
3761	50	87	8
3762	50	88	6
3763	50	89	1
3764	50	90	1
3765	50	91	1
3766	50	92	8
3767	50	93	7
3768	50	94	8
3769	50	95	1
3770	50	96	1
3771	50	97	1
3772	50	98	8
3773	50	99	8
3774	51	52	9
3775	51	53	8
3776	51	54	6
3777	51	55	8
3778	51	56	9
3779	51	57	3
3780	51	58	4
3781	51	59	8
3782	51	60	4
3783	51	61	0
3784	51	62	6
3785	51	63	4
3786	51	64	6
3787	51	65	6
3788	51	66	4
3789	51	67	8
3790	51	68	6
3791	51	69	5
3792	51	70	4
3793	51	71	0
3794	51	72	8
3795	51	73	4
3796	51	74	8
3797	51	75	5
3798	51	76	0
3799	51	77	5
3800	51	78	8
3801	51	79	5
3802	51	80	4
3803	51	81	6
3804	51	82	9
3805	51	83	5
3806	51	84	8
3807	51	85	4
3808	51	86	4
3809	51	87	5
3810	51	88	6
3811	51	89	1
3812	51	90	1
3813	51	91	6
3814	51	92	8
3815	51	93	4
3816	51	94	8
3817	51	95	5
3818	51	96	5
3819	51	97	8
3820	51	98	6
3821	51	99	8
3822	52	53	9
3823	52	54	9
3824	52	55	5
3825	52	56	9
3826	52	57	4
3827	52	58	8
3828	52	59	9
3829	52	60	8
3830	52	61	1
3831	52	62	9
3832	52	63	3
3833	52	64	1
3834	52	65	9
3835	52	66	9
3836	52	67	3
3837	52	68	9
3838	52	69	8
3839	52	70	3
3840	52	71	6
3841	52	72	3
3842	52	73	8
3843	52	74	4
3844	52	75	8
3845	52	76	9
3846	52	77	8
3847	52	78	9
3848	52	79	8
3849	52	80	8
3850	52	81	9
3851	52	82	9
3852	52	83	5
3853	52	84	3
3854	52	85	8
3855	52	86	8
3856	52	87	9
3857	52	88	9
3858	52	89	8
3859	52	90	8
3860	52	91	3
3861	52	92	9
3862	52	93	8
3863	52	94	3
3864	52	95	8
3865	52	96	8
3866	52	97	3
3867	52	98	3
3868	52	99	9
3869	53	54	5
3870	53	55	8
3871	53	56	1
3872	53	57	1
3873	53	58	1
3874	53	59	8
3875	53	60	1
3876	53	61	5
3877	53	62	8
3878	53	63	1
3879	53	64	8
3880	53	65	3
3881	53	66	1
3882	53	67	8
3883	53	68	5
3884	53	69	5
3885	53	70	4
3886	53	71	7
3887	53	72	8
3888	53	73	1
3889	53	74	8
3890	53	75	5
3891	53	76	8
3892	53	77	3
3893	53	78	8
3894	53	79	1
3895	53	80	6
3896	53	81	8
3897	53	82	9
3898	53	83	3
3899	53	84	8
3900	53	85	4
3901	53	86	1
3902	53	87	5
3903	53	88	3
3904	53	89	0
3905	53	90	0
3906	53	91	8
3907	53	92	1
3908	53	93	1
3909	53	94	8
3910	53	95	3
3911	53	96	5
3912	53	97	8
3913	53	98	8
3914	53	99	8
3915	54	55	8
3916	54	56	4
3917	54	57	4
3918	54	58	8
3919	54	59	6
3920	54	60	8
3921	54	61	6
3922	54	62	9
3923	54	63	9
3924	54	64	1
3925	54	65	2
3926	54	66	6
3927	54	67	4
3928	54	68	4
3929	54	69	5
3930	54	70	1
3931	54	71	4
3932	54	72	8
3933	54	73	0
3934	54	74	4
3935	54	75	1
3936	54	76	4
3937	54	77	4
3938	54	78	9
3939	54	79	9
3940	54	80	1
3941	54	81	9
3942	54	82	9
3943	54	83	5
3944	54	84	4
3945	54	85	1
3946	54	86	8
3947	54	87	4
3948	54	88	9
3949	54	89	1
3950	54	90	1
3951	54	91	4
3952	54	92	4
3953	54	93	7
3954	54	94	4
3955	54	95	2
3956	54	96	1
3957	54	97	1
3958	54	98	8
3959	54	99	8
3960	55	56	8
3961	55	57	1
3962	55	58	4
3963	55	59	8
3964	55	60	7
3965	55	61	5
3966	55	62	8
3967	55	63	2
3968	55	64	8
3969	55	65	8
3970	55	66	8
3971	55	67	8
3972	55	68	8
3973	55	69	5
3974	55	70	9
3975	55	71	7
3976	55	72	8
3977	55	73	9
3978	55	74	8
3979	55	75	5
3980	55	76	8
3981	55	77	7
3982	55	78	8
3983	55	79	5
3984	55	80	9
3985	55	81	8
3986	55	82	9
3987	55	83	5
3988	55	84	8
3989	55	85	4
3990	55	86	4
3991	55	87	8
3992	55	88	5
3993	55	89	1
3994	55	90	1
3995	55	91	8
3996	55	92	7
3997	55	93	1
3998	55	94	8
3999	55	95	5
4000	55	96	5
4001	55	97	8
4002	55	98	8
4003	55	99	8
4004	56	57	4
4005	56	58	8
4006	56	59	4
4007	56	60	8
4008	56	61	9
4009	56	62	9
4010	56	63	9
4011	56	64	4
4012	56	65	4
4013	56	66	1
4014	56	67	4
4015	56	68	4
4016	56	69	4
4017	56	70	3
4018	56	71	4
4019	56	72	8
4020	56	73	0
4021	56	74	4
4022	56	75	9
4023	56	76	4
4024	56	77	4
4025	56	78	9
4026	56	79	0
4027	56	80	8
4028	56	81	9
4029	56	82	9
4030	56	83	5
4031	56	84	0
4032	56	85	9
4033	56	86	8
4034	56	87	4
4035	56	88	9
4036	56	89	9
4037	56	90	4
4038	56	91	4
4039	56	92	4
4040	56	93	0
4041	56	94	4
4042	56	95	4
4043	56	96	9
4044	56	97	3
4045	56	98	8
4046	56	99	4
4047	57	58	1
4048	57	59	5
4049	57	60	6
4050	57	61	9
4051	57	62	0
4052	57	63	5
4053	57	64	4
4054	57	65	4
4055	57	66	1
4056	57	67	4
4057	57	68	4
4058	57	69	6
4059	57	70	2
4060	57	71	4
4061	57	72	1
4062	57	73	0
4063	57	74	4
4064	57	75	8
4065	57	76	4
4066	57	77	4
4067	57	78	4
4068	57	79	6
4069	57	80	6
4070	57	81	4
4071	57	82	4
4072	57	83	1
4073	57	84	0
4074	57	85	8
4075	57	86	6
4076	57	87	4
4077	57	88	1
4078	57	89	8
4079	57	90	8
4080	57	91	4
4081	57	92	1
4082	57	93	0
4083	57	94	4
4084	57	95	4
4085	57	96	8
4086	57	97	4
4087	57	98	4
4088	57	99	5
4089	58	59	1
4090	58	60	8
4091	58	61	4
4092	58	62	4
4093	58	63	4
4094	58	64	5
4095	58	65	3
4096	58	66	4
4097	58	67	9
4098	58	68	8
4099	58	69	8
4100	58	70	4
4101	58	71	6
4102	58	72	4
4103	58	73	8
4104	58	74	7
4105	58	75	8
4106	58	76	1
4107	58	77	8
4108	58	78	1
4109	58	79	8
4110	58	80	8
4111	58	81	4
4112	58	82	8
4113	58	83	4
4114	58	84	2
4115	58	85	4
4116	58	86	4
4117	58	87	5
4118	58	88	1
4119	58	89	8
4120	58	90	8
4121	58	91	0
4122	58	92	1
4123	58	93	8
4124	58	94	9
4125	58	95	8
4126	58	96	8
4127	58	97	7
4128	58	98	9
4129	58	99	1
4130	59	60	1
4131	59	61	6
4132	59	62	8
4133	59	63	5
4134	59	64	8
4135	59	65	6
4136	59	66	5
4137	59	67	8
4138	59	68	6
4139	59	69	4
4140	59	70	8
4141	59	71	4
4142	59	72	8
4143	59	73	5
4144	59	74	8
4145	59	75	6
4146	59	76	8
4147	59	77	4
4148	59	78	8
4149	59	79	5
4150	59	80	5
4151	59	81	8
4152	59	82	5
4153	59	83	1
4154	59	84	8
4155	59	85	4
4156	59	86	5
4157	59	87	8
4158	59	88	6
4159	59	89	5
4160	59	90	5
4161	59	91	5
4162	59	92	1
4163	59	93	5
4164	59	94	8
4165	59	95	6
4166	59	96	6
4167	59	97	8
4168	59	98	8
4169	59	99	8
4170	60	61	4
4171	60	62	4
4172	60	63	4
4173	60	64	5
4174	60	65	3
4175	60	66	4
4176	60	67	9
4177	60	68	8
4178	60	69	8
4179	60	70	4
4180	60	71	6
4181	60	72	4
4182	60	73	8
4183	60	74	7
4184	60	75	8
4185	60	76	0
4186	60	77	8
4187	60	78	1
4188	60	79	8
4189	60	80	8
4190	60	81	5
4191	60	82	8
4192	60	83	4
4193	60	84	2
4194	60	85	8
4195	60	86	4
4196	60	87	5
4197	60	88	4
4198	60	89	8
4199	60	90	8
4200	60	91	3
4201	60	92	1
4202	60	93	8
4203	60	94	9
4204	60	95	8
4205	60	96	8
4206	60	97	7
4207	60	98	7
4208	60	99	2
4209	61	62	6
4210	61	63	4
4211	61	64	6
4212	61	65	6
4213	61	66	4
4214	61	67	8
4215	61	68	6
4216	61	69	5
4217	61	70	4
4218	61	71	0
4219	61	72	4
4220	61	73	4
4221	61	74	8
4222	61	75	5
4223	61	76	0
4224	61	77	5
4225	61	78	8
4226	61	79	4
4227	61	80	4
4228	61	81	6
4229	61	82	1
4230	61	83	5
4231	61	84	8
4232	61	85	4
4233	61	86	4
4234	61	87	5
4235	61	88	6
4236	61	89	1
4237	61	90	1
4238	61	91	6
4239	61	92	5
4240	61	93	4
4241	61	94	8
4242	61	95	5
4243	61	96	5
4244	61	97	1
4245	61	98	6
4246	61	99	8
4247	62	63	2
4248	62	64	8
4249	62	65	6
4250	62	66	6
4251	62	67	8
4252	62	68	9
4253	62	69	9
4254	62	70	2
4255	62	71	8
4256	62	72	8
4257	62	73	9
4258	62	74	8
4259	62	75	9
4260	62	76	8
4261	62	77	9
4262	62	78	8
4263	62	79	9
4264	62	80	3
4265	62	81	8
4266	62	82	9
4267	62	83	5
4268	62	84	8
4269	62	85	4
4270	62	86	2
4271	62	87	8
4272	62	88	9
4273	62	89	9
4274	62	90	9
4275	62	91	8
4276	62	92	8
4277	62	93	9
4278	62	94	8
4279	62	95	9
4280	62	96	9
4281	62	97	8
4282	62	98	8
4283	62	99	8
4284	63	64	3
4285	63	65	5
4286	63	66	4
4287	63	67	3
4288	63	68	9
4289	63	69	8
4290	63	70	4
4291	63	71	6
4292	63	72	2
4293	63	73	5
4294	63	74	3
4295	63	75	8
4296	63	76	0
4297	63	77	6
4298	63	78	9
4299	63	79	8
4300	63	80	3
4301	63	81	9
4302	63	82	8
4303	63	83	4
4304	63	84	2
4305	63	85	4
4306	63	86	4
4307	63	87	9
4308	63	88	9
4309	63	89	3
4310	63	90	8
4311	63	91	5
4312	63	92	2
4313	63	93	5
4314	63	94	3
4315	63	95	8
4316	63	96	8
4317	63	97	3
4318	63	98	3
4319	63	99	5
4320	64	65	6
4321	64	66	6
4322	64	67	8
4323	64	68	5
4324	64	69	5
4325	64	70	1
4326	64	71	4
4327	64	72	8
4328	64	73	1
4329	64	74	8
4330	64	75	1
4331	64	76	8
4332	64	77	1
4333	64	78	8
4334	64	79	1
4335	64	80	1
4336	64	81	8
4337	64	82	1
4338	64	83	5
4339	64	84	8
4340	64	85	1
4341	64	86	4
4342	64	87	5
4343	64	88	6
4344	64	89	1
4345	64	90	1
4346	64	91	1
4347	64	92	8
4348	64	93	7
4349	64	94	8
4350	64	95	1
4351	64	96	1
4352	64	97	1
4353	64	98	8
4354	64	99	8
4355	65	66	3
4356	65	67	8
4357	65	68	2
4358	65	69	2
4359	65	70	6
4360	65	71	4
4361	65	72	8
4362	65	73	7
4363	65	74	4
4364	65	75	2
4365	65	76	8
4366	65	77	2
4367	65	78	8
4368	65	79	2
4369	65	80	2
4370	65	81	6
4371	65	82	7
4372	65	83	3
4373	65	84	8
4374	65	85	0
4375	65	86	3
4376	65	87	3
4377	65	88	6
4378	65	89	2
4379	65	90	2
4380	65	91	6
4381	65	92	3
4382	65	93	7
4383	65	94	8
4384	65	95	2
4385	65	96	2
4386	65	97	8
4387	65	98	8
4388	65	99	8
4389	66	67	8
4390	66	68	6
4391	66	69	3
4392	66	70	4
4393	66	71	1
4394	66	72	1
4395	66	73	5
4396	66	74	8
4397	66	75	3
4398	66	76	8
4399	66	77	3
4400	66	78	8
4401	66	79	3
4402	66	80	5
4403	66	81	6
4404	66	82	7
4405	66	83	3
4406	66	84	8
4407	66	85	4
4408	66	86	4
4409	66	87	1
4410	66	88	3
4411	66	89	7
4412	66	90	7
4413	66	91	5
4414	66	92	1
4415	66	93	5
4416	66	94	8
4417	66	95	3
4418	66	96	4
4419	66	97	8
4420	66	98	8
4421	66	99	5
4422	67	68	4
4423	67	69	7
4424	67	70	3
4425	67	71	9
4426	67	72	8
4427	67	73	5
4428	67	74	8
4429	67	75	1
4430	67	76	8
4431	67	77	4
4432	67	78	8
4433	67	79	3
4434	67	80	3
4435	67	81	8
4436	67	82	4
4437	67	83	9
4438	67	84	8
4439	67	85	3
4440	67	86	9
4441	67	87	8
4442	67	88	8
4443	67	89	1
4444	67	90	1
4445	67	91	3
4446	67	92	8
4447	67	93	5
4448	67	94	8
4449	67	95	1
4450	67	96	1
4451	67	97	3
4452	67	98	8
4453	67	99	8
4454	68	69	5
4455	68	70	1
4456	68	71	4
4457	68	72	8
4458	68	73	8
4459	68	74	4
4460	68	75	2
4461	68	76	4
4462	68	77	4
4463	68	78	9
4464	68	79	9
4465	68	80	8
4466	68	81	9
4467	68	82	9
4468	68	83	5
4469	68	84	4
4470	68	85	9
4471	68	86	8
4472	68	87	4
4473	68	88	9
4474	68	89	1
4475	68	90	2
4476	68	91	4
4477	68	92	4
4478	68	93	7
4479	68	94	4
4480	68	95	2
4481	68	96	5
4482	68	97	1
4483	68	98	8
4484	68	99	4
4485	69	70	1
4486	69	71	6
4487	69	72	9
4488	69	73	8
4489	69	74	4
4490	69	75	8
4491	69	76	4
4492	69	77	8
4493	69	78	9
4494	69	79	8
4495	69	80	8
4496	69	81	5
4497	69	82	8
4498	69	83	5
4499	69	84	0
4500	69	85	8
4501	69	86	8
4502	69	87	5
4503	69	88	5
4504	69	89	8
4505	69	90	8
4506	69	91	4
4507	69	92	6
4508	69	93	8
4509	69	94	6
4510	69	95	8
4511	69	96	8
4512	69	97	5
4513	69	98	5
4514	69	99	4
4515	70	71	9
4516	70	72	2
4517	70	73	4
4518	70	74	3
4519	70	75	1
4520	70	76	0
4521	70	77	1
4522	70	78	8
4523	70	79	4
4524	70	80	3
4525	70	81	8
4526	70	82	1
4527	70	83	4
4528	70	84	3
4529	70	85	4
4530	70	86	4
4531	70	87	5
4532	70	88	4
4533	70	89	1
4534	70	90	1
4535	70	91	3
4536	70	92	2
4537	70	93	4
4538	70	94	9
4539	70	95	1
4540	70	96	4
4541	70	97	3
4542	70	98	9
4543	70	99	2
4544	71	72	9
4545	71	73	6
4546	71	74	4
4547	71	75	8
4548	71	76	4
4549	71	77	6
4550	71	78	4
4551	71	79	6
4552	71	80	6
4553	71	81	4
4554	71	82	4
4555	71	83	9
4556	71	84	7
4557	71	85	6
4558	71	86	6
4559	71	87	4
4560	71	88	1
4561	71	89	6
4562	71	90	4
4563	71	91	4
4564	71	92	7
4565	71	93	6
4566	71	94	9
4567	71	95	4
4568	71	96	8
4569	71	97	7
4570	71	98	7
4571	71	99	4
4572	72	73	5
4573	72	74	8
4574	72	75	4
4575	72	76	8
4576	72	77	9
4577	72	78	8
4578	72	79	2
4579	72	80	5
4580	72	81	8
4581	72	82	5
4582	72	83	9
4583	72	84	8
4584	72	85	4
4585	72	86	2
4586	72	87	8
4587	72	88	6
4588	72	89	5
4589	72	90	5
4590	72	91	8
4591	72	92	1
4592	72	93	5
4593	72	94	8
4594	72	95	6
4595	72	96	4
4596	72	97	8
4597	72	98	8
4598	72	99	8
4599	73	74	4
4600	73	75	8
4601	73	76	4
4602	73	77	8
4603	73	78	9
4604	73	79	8
4605	73	80	8
4606	73	81	9
4607	73	82	8
4608	73	83	8
4609	73	84	0
4610	73	85	8
4611	73	86	8
4612	73	87	6
4613	73	88	8
4614	73	89	8
4615	73	90	8
4616	73	91	5
4617	73	92	1
4618	73	93	8
4619	73	94	5
4620	73	95	8
4621	73	96	8
4622	73	97	3
4623	73	98	9
4624	73	99	5
4625	74	75	1
4626	74	76	4
4627	74	77	4
4628	74	78	8
4629	74	79	4
4630	74	80	3
4631	74	81	8
4632	74	82	4
4633	74	83	7
4634	74	84	8
4635	74	85	3
4636	74	86	6
4637	74	87	4
4638	74	88	8
4639	74	89	1
4640	74	90	4
4641	74	91	4
4642	74	92	8
4643	74	93	4
4644	74	94	8
4645	74	95	4
4646	74	96	1
4647	74	97	8
4648	74	98	8
4649	74	99	8
4650	75	76	2
4651	75	77	8
4652	75	78	9
4653	75	79	8
4654	75	80	8
4655	75	81	5
4656	75	82	8
4657	75	83	5
4658	75	84	1
4659	75	85	8
4660	75	86	8
4661	75	87	5
4662	75	88	5
4663	75	89	8
4664	75	90	8
4665	75	91	1
4666	75	92	5
4667	75	93	8
4668	75	94	1
4669	75	95	8
4670	75	96	5
4671	75	97	1
4672	75	98	5
4673	75	99	6
4674	76	77	4
4675	76	78	8
4676	76	79	4
4677	76	80	4
4678	76	81	8
4679	76	82	4
4680	76	83	3
4681	76	84	8
4682	76	85	0
4683	76	86	1
4684	76	87	4
4685	76	88	9
4686	76	89	4
4687	76	90	4
4688	76	91	4
4689	76	92	8
4690	76	93	4
4691	76	94	8
4692	76	95	2
4693	76	96	2
4694	76	97	8
4695	76	98	8
4696	76	99	8
4697	77	78	4
4698	77	79	8
4699	77	80	8
4700	77	81	5
4701	77	82	8
4702	77	83	8
4703	77	84	4
4704	77	85	8
4705	77	86	8
4706	77	87	4
4707	77	88	8
4708	77	89	8
4709	77	90	8
4710	77	91	4
4711	77	92	6
4712	77	93	8
4713	77	94	4
4714	77	95	8
4715	77	96	8
4716	77	97	1
4717	77	98	9
4718	77	99	4
4719	78	79	9
4720	78	80	3
4721	78	81	8
4722	78	82	9
4723	78	83	5
4724	78	84	8
4725	78	85	9
4726	78	86	1
4727	78	87	4
4728	78	88	9
4729	78	89	9
4730	78	90	9
4731	78	91	8
4732	78	92	1
4733	78	93	9
4734	78	94	8
4735	78	95	9
4736	78	96	9
4737	78	97	8
4738	78	98	8
4739	78	99	8
4740	79	80	8
4741	79	81	9
4742	79	82	8
4743	79	83	8
4744	79	84	0
4745	79	85	8
4746	79	86	8
4747	79	87	5
4748	79	88	9
4749	79	89	8
4750	79	90	8
4751	79	91	0
4752	79	92	6
4753	79	93	8
4754	79	94	6
4755	79	95	8
4756	79	96	8
4757	79	97	1
4758	79	98	7
4759	79	99	0
4760	80	81	9
4761	80	82	8
4762	80	83	8
4763	80	84	3
4764	80	85	8
4765	80	86	8
4766	80	87	6
4767	80	88	8
4768	80	89	8
4769	80	90	8
4770	80	91	3
4771	80	92	6
4772	80	93	8
4773	80	94	9
4774	80	95	8
4775	80	96	8
4776	80	97	3
4777	80	98	3
4778	80	99	5
4779	81	82	9
4780	81	83	5
4781	81	84	8
4782	81	85	9
4783	81	86	4
4784	81	87	5
4785	81	88	9
4786	81	89	9
4787	81	90	9
4788	81	91	8
4789	81	92	8
4790	81	93	9
4791	81	94	8
4792	81	95	5
4793	81	96	5
4794	81	97	8
4795	81	98	8
4796	81	99	8
4797	82	83	8
4798	82	84	5
4799	82	85	8
4800	82	86	8
4801	82	87	4
4802	82	88	9
4803	82	89	8
4804	82	90	8
4805	82	91	4
4806	82	92	0
4807	82	93	8
4808	82	94	4
4809	82	95	8
4810	82	96	8
4811	82	97	1
4812	82	98	4
4813	82	99	5
4814	83	84	9
4815	83	85	4
4816	83	86	4
4817	83	87	5
4818	83	88	5
4819	83	89	8
4820	83	90	8
4821	83	91	0
4822	83	92	7
4823	83	93	8
4824	83	94	9
4825	83	95	5
4826	83	96	5
4827	83	97	5
4828	83	98	7
4829	83	99	1
4830	84	85	3
4831	84	86	2
4832	84	87	8
4833	84	88	6
4834	84	89	3
4835	84	90	3
4836	84	91	3
4837	84	92	8
4838	84	93	0
4839	84	94	8
4840	84	95	4
4841	84	96	0
4842	84	97	3
4843	84	98	8
4844	84	99	8
4845	85	86	4
4846	85	87	5
4847	85	88	9
4848	85	89	8
4849	85	90	8
4850	85	91	1
4851	85	92	2
4852	85	93	8
4853	85	94	3
4854	85	95	8
4855	85	96	8
4856	85	97	1
4857	85	98	4
4858	85	99	2
4859	86	87	1
4860	86	88	4
4861	86	89	8
4862	86	90	8
4863	86	91	5
4864	86	92	1
4865	86	93	8
4866	86	94	9
4867	86	95	8
4868	86	96	8
4869	86	97	2
4870	86	98	9
4871	86	99	2
4872	87	88	5
4873	87	89	9
4874	87	90	4
4875	87	91	4
4876	87	92	7
4877	87	93	3
4878	87	94	4
4879	87	95	5
4880	87	96	5
4881	87	97	5
4882	87	98	8
4883	87	99	8
4884	88	89	9
4885	88	90	9
4886	88	91	6
4887	88	92	1
4888	88	93	7
4889	88	94	8
4890	88	95	3
4891	88	96	5
4892	88	97	5
4893	88	98	6
4894	88	99	6
4895	89	90	8
4896	89	91	1
4897	89	92	6
4898	89	93	8
4899	89	94	3
4900	89	95	8
4901	89	96	8
4902	89	97	1
4903	89	98	1
4904	89	99	5
4905	90	91	1
4906	90	92	6
4907	90	93	8
4908	90	94	4
4909	90	95	8
4910	90	96	8
4911	90	97	1
4912	90	98	1
4913	90	99	5
4914	91	92	4
4915	91	93	5
4916	91	94	4
4917	91	95	1
4918	91	96	1
4919	91	97	3
4920	91	98	8
4921	91	99	8
4922	92	93	1
4923	92	94	8
4924	92	95	3
4925	92	96	5
4926	92	97	7
4927	92	98	8
4928	92	99	8
4929	93	94	5
4930	93	95	8
4931	93	96	8
4932	93	97	1
4933	93	98	5
4934	93	99	5
4935	94	95	4
4936	94	96	9
4937	94	97	8
4938	94	98	8
4939	94	99	8
4940	95	96	8
4941	95	97	1
4942	95	98	5
4943	95	99	6
4944	96	97	1
4945	96	98	5
4946	96	99	6
4947	97	98	8
4948	97	99	8
4949	98	99	8
